825429.0,732758.0,0
825515.0,738284.0,0
716590.0,874975.0,1
673449.0,860643.0,1
147663.0,555514.0,2
592620.0,446156.0,3
486891.0,175164.0,4
617954.0,395504.0,3
328331.0,541094.0,5
283570.0,563726.0,5
881571.0,532467.0,6
841096.0,188742.0,7
672565.0,564468.0,8
324966.0,170021.0,9
424476.0,781552.0,10
872285.0,750708.0,0
189499.0,356601.0,11
293591.0,522132.0,5
459556.0,818479.0,10
833504.0,744564.0,0
142899.0,329415.0,11
700098.0,894685.0,1
514551.0,176526.0,4
371563.0,547746.0,5
801183.0,316191.0,12
502002.0,166223.0,4
806848.0,320541.0,12
421352.0,799127.0,10
842590.0,716861.0,0
285865.0,167818.0,9
323905.0,168029.0,9
800667.0,315995.0,12
615175.0,397627.0,3
607084.0,595500.0,8
843891.0,721571.0,0
149863.0,284721.0,11
340191.0,567638.0,5
266977.0,887963.0,13
296775.0,572432.0,5
558307.0,203307.0,4
357813.0,572855.0,5
682315.0,843851.0,1
843813.0,182032.0,7
582176.0,630383.0,8
130805.0,354417.0,11
318665.0,158107.0,9
862679.0,188399.0,7
633894.0,404424.0,3
599123.0,616977.0,8
523796.0,219588.0,4
631446.0,561156.0,8
905936.0,150106.0,7
340048.0,131847.0,9
184412.0,537050.0,2
850451.0,764015.0,0
781260.0,737962.0,0
837977.0,728814.0,0
679788.0,889464.0,1
619475.0,400592.0,3
842903.0,567914.0,6
224241.0,828996.0,13
484407.0,809641.0,10
559933.0,403956.0,3
607214.0,575069.0,8
223732.0,826580.0,13
868442.0,160118.0,7
354094.0,424230.0,14
807278.0,566392.0,6
673071.0,856021.0,1
616737.0,397973.0,3
848586.0,789052.0,0
558817.0,576255.0,8
870936.0,575427.0,6
348893.0,195430.0,9
682241.0,850176.0,1
335792.0,541310.0,5
600665.0,638890.0,8
356500.0,188114.0,9
878519.0,606677.0,6
417197.0,778243.0,10
844086.0,531300.0,6
802004.0,317772.0,12
580561.0,528916.0,8
812965.0,330224.0,12
145758.0,562414.0,2
341775.0,425156.0,14
868736.0,179354.0,7
648443.0,845340.0,1
221994.0,575146.0,2
333299.0,597586.0,5
672544.0,859978.0,1
839493.0,521150.0,6
511868.0,170991.0,4
140164.0,531093.0,2
597802.0,576113.0,8
397747.0,792207.0,10
444336.0,820061.0,10
242087.0,844255.0,13
798983.0,325682.0,12
880275.0,564545.0,6
397213.0,377839.0,14
618349.0,397614.0,3
644693.0,867371.0,1
674236.0,877152.0,1
146678.0,558942.0,2
669178.0,866011.0,1
114108.0,540537.0,2
617319.0,374666.0,3
409823.0,412908.0,14
419721.0,789724.0,10
317136.0,563479.0,5
729194.0,856897.0,1
519003.0,160741.0,4
228711.0,848090.0,13
152331.0,529689.0,2
808069.0,134402.0,7
598634.0,619900.0,8
864088.0,171351.0,7
826585.0,366934.0,12
402851.0,395579.0,14
862425.0,741010.0,0
823913.0,369439.0,12
405714.0,781619.0,10
353749.0,391896.0,14
519396.0,177174.0,4
834036.0,144156.0,7
248570.0,843156.0,13
634967.0,579020.0,8
875311.0,542259.0,6
418963.0,746595.0,10
172690.0,847721.0,13
485110.0,150541.0,4
837718.0,761480.0,0
365058.0,545456.0,5
802784.0,313853.0,12
403160.0,392159.0,14
688487.0,383589.0,3
598184.0,531473.0,8
384591.0,137729.0,9
800447.0,331643.0,12
800655.0,320227.0,12
692386.0,863386.0,1
318823.0,565345.0,5
153903.0,353738.0,11
865157.0,562132.0,6
320827.0,519618.0,5
405356.0,391545.0,14
168079.0,347343.0,11
313609.0,860065.0,13
165104.0,543395.0,2
344096.0,575522.0,5
603445.0,630598.0,8
840335.0,164912.0,7
843432.0,490725.0,6
862334.0,747768.0,0
199859.0,316334.0,11
630706.0,388370.0,3
823840.0,368410.0,12
811031.0,703822.0,0
895565.0,501871.0,6
345840.0,561591.0,5
863042.0,557890.0,6
887780.0,536497.0,6
284077.0,905181.0,15
341016.0,545280.0,5
231263.0,863308.0,13
219316.0,898830.0,13
506069.0,169723.0,4
472691.0,802678.0,10
410682.0,349328.0,14
570384.0,393553.0,3
836081.0,178429.0,7
412386.0,777312.0,10
185071.0,362905.0,11
814379.0,132655.0,7
311408.0,168232.0,9
296892.0,901182.0,15
528094.0,178343.0,4
395450.0,407822.0,14
369366.0,561201.0,5
789448.0,738035.0,0
576235.0,462612.0,3
588952.0,437524.0,3
657450.0,365008.0,3
865113.0,161302.0,7
435926.0,408504.0,14
850046.0,108829.0,7
107160.0,530936.0,2
397688.0,762902.0,10
786635.0,269352.0,12
814105.0,723255.0,0
802853.0,314938.0,12
788776.0,582930.0,6
821361.0,175823.0,7
339137.0,160334.0,9
620610.0,395343.0,3
353335.0,592567.0,5
803627.0,319323.0,12
257472.0,849587.0,13
277512.0,151920.0,9
603698.0,573585.0,8
378563.0,789670.0,10
371464.0,328177.0,25
261819.0,863523.0,13
791199.0,164843.0,7
674492.0,861230.0,1
170155.0,343568.0,11
856619.0,544008.0,6
217686.0,296514.0,16
639431.0,588155.0,8
834293.0,161575.0,7
872057.0,122354.0,7
885764.0,151791.0,7
236749.0,813868.0,13
902302.0,514170.0,6
349378.0,805118.0,10
289719.0,866638.0,13
401330.0,395538.0,14
820757.0,738235.0,0
400550.0,144359.0,21
818338.0,800932.0,0
348847.0,425164.0,14
605899.0,412428.0,3
370839.0,727884.0,10
456025.0,389630.0,14
800865.0,312968.0,12
139903.0,592241.0,2
604168.0,555003.0,8
844617.0,499013.0,6
415136.0,446807.0,14
410917.0,614521.0,5
829790.0,205695.0,7
187894.0,871219.0,13
378648.0,579579.0,5
429472.0,860855.0,10
385338.0,440797.0,14
849938.0,156042.0,7
779897.0,279572.0,12
391976.0,789416.0,10
631182.0,565466.0,8
259173.0,548593.0,5
142516.0,559062.0,2
665048.0,854911.0,1
672068.0,874862.0,1
594029.0,586701.0,8
413556.0,758080.0,10
395817.0,788858.0,10
456821.0,105575.0,4
801910.0,325434.0,12
414290.0,393146.0,14
878749.0,188759.0,7
562704.0,570596.0,8
514173.0,139330.0,4
515230.0,149567.0,4
419118.0,421655.0,14
875248.0,462524.0,6
874877.0,535143.0,6
161448.0,373412.0,11
871255.0,140340.0,7
166290.0,521714.0,2
905770.0,531812.0,6
227582.0,856861.0,13
835030.0,668528.0,0
264175.0,824349.0,13
841353.0,125628.0,7
390538.0,157197.0,9
399077.0,403968.0,14
816091.0,747764.0,0
879309.0,561548.0,6
184402.0,546549.0,2
332246.0,172932.0,9
419227.0,779215.0,10
509039.0,173839.0,4
879031.0,489881.0,6
220620.0,819091.0,13
606300.0,566708.0,8
147664.0,559632.0,2
350428.0,392503.0,14
340693.0,569371.0,5
323747.0,163351.0,9
160165.0,362858.0,11
801174.0,320442.0,12
343651.0,438750.0,14
620240.0,397022.0,3
336266.0,148507.0,9
859298.0,139834.0,7
803216.0,577565.0,6
174371.0,864697.0,13
93136.0,613387.0,2
799197.0,314215.0,12
662898.0,884734.0,1
840406.0,538772.0,6
669690.0,842110.0,1
97216.0,564094.0,2
388743.0,388465.0,14
825404.0,733788.0,0
815455.0,755486.0,0
868128.0,568529.0,6
132497.0,593125.0,2
131532.0,536658.0,2
181463.0,326571.0,11
809552.0,342258.0,12
664260.0,859029.0,1
662830.0,420955.0,3
176278.0,550602.0,2
679818.0,860064.0,1
605073.0,372055.0,3
413946.0,786971.0,10
631297.0,578351.0,8
373360.0,784232.0,10
232246.0,844226.0,13
718544.0,888401.0,1
279923.0,805957.0,13
425260.0,773661.0,10
877835.0,151890.0,7
342064.0,570045.0,5
318681.0,528806.0,5
224083.0,852922.0,13
880958.0,588608.0,6
790932.0,305223.0,12
416444.0,783624.0,10
141860.0,324304.0,11
486326.0,174643.0,4
425950.0,788228.0,10
411957.0,397796.0,14
571570.0,375257.0,3
587466.0,564953.0,8
278116.0,185472.0,9
864211.0,216526.0,7
831779.0,577161.0,6
833716.0,758772.0,0
414997.0,432597.0,14
160206.0,303063.0,11
622557.0,361134.0,3
469404.0,181944.0,4
730287.0,897070.0,1
393758.0,439738.0,14
708244.0,871834.0,1
826228.0,376658.0,12
165653.0,317602.0,11
214966.0,358837.0,11
402710.0,424367.0,14
856029.0,730586.0,0
535034.0,172649.0,4
147911.0,328024.0,11
320972.0,170417.0,9
629004.0,392271.0,3
664903.0,839150.0,1
573925.0,449341.0,3
396118.0,794614.0,10
427749.0,457110.0,14
656156.0,868643.0,1
680757.0,826912.0,1
558478.0,213316.0,4
136232.0,576477.0,2
872237.0,555834.0,6
406184.0,394506.0,14
854463.0,159977.0,7
439514.0,758221.0,10
425053.0,790566.0,10
515494.0,188459.0,4
892340.0,149050.0,7
377941.0,403683.0,14
840349.0,790707.0,0
333934.0,537464.0,5
845589.0,192916.0,7
800235.0,316652.0,12
234219.0,845270.0,13
846484.0,719360.0,0
440667.0,768761.0,10
512241.0,169240.0,4
775604.0,274485.0,12
407814.0,765816.0,10
840100.0,728839.0,0
245468.0,859425.0,13
408182.0,408351.0,14
167845.0,341409.0,11
861242.0,161722.0,7
616468.0,394118.0,3
912023.0,160368.0,7
321245.0,141627.0,9
668879.0,388617.0,3
417447.0,782955.0,10
850775.0,162968.0,7
624106.0,398619.0,3
684131.0,898331.0,1
797105.0,316002.0,12
664355.0,831472.0,1
864325.0,170593.0,7
403004.0,613466.0,5
588100.0,557588.0,8
649088.0,575733.0,8
584077.0,398498.0,3
428667.0,451233.0,14
332032.0,157725.0,9
406176.0,760860.0,10
390934.0,170420.0,9
700747.0,821557.0,1
849858.0,524682.0,6
231781.0,799444.0,13
840943.0,739611.0,0
830159.0,134329.0,7
311163.0,166821.0,9
618405.0,842859.0,1
396548.0,784388.0,10
838036.0,542999.0,6
622212.0,860015.0,1
668567.0,856554.0,1
152054.0,345632.0,11
320210.0,191459.0,9
255185.0,825960.0,13
680228.0,843225.0,1
338588.0,543875.0,5
474527.0,107596.0,4
337173.0,557853.0,5
407189.0,437102.0,14
615649.0,429323.0,3
838328.0,185708.0,7
367922.0,415238.0,14
508099.0,175066.0,4
870801.0,476330.0,6
369199.0,734895.0,10
290107.0,571927.0,5
357679.0,548036.0,5
815593.0,689874.0,0
524502.0,248106.0,4
392660.0,395873.0,14
461751.0,817277.0,10
662684.0,813662.0,1
139978.0,587153.0,2
891699.0,170415.0,7
520809.0,176718.0,4
798321.0,319665.0,12
848563.0,117708.0,7
155228.0,357729.0,11
840863.0,737972.0,0
286663.0,846902.0,13
677769.0,841641.0,1
185561.0,342784.0,11
460616.0,174810.0,4
481841.0,209337.0,4
460133.0,173081.0,4
803386.0,318982.0,12
512716.0,181316.0,4
612799.0,537497.0,8
595063.0,328609.0,3
855852.0,134834.0,7
533351.0,147778.0,4
567428.0,580005.0,8
800272.0,316170.0,12
338935.0,567577.0,5
857360.0,562228.0,6
139460.0,557260.0,2
156945.0,339397.0,11
402227.0,414685.0,14
94061.0,576129.0,2
225567.0,853078.0,13
137740.0,618961.0,2
606111.0,617846.0,8
849404.0,170474.0,7
146681.0,562995.0,2
671609.0,815681.0,1
844234.0,153197.0,7
397851.0,400846.0,14
818119.0,348676.0,12
473799.0,795167.0,10
417091.0,792545.0,10
331798.0,143962.0,9
219498.0,851932.0,13
810543.0,341180.0,12
790774.0,303642.0,12
141238.0,557986.0,2
241485.0,523039.0,2
846731.0,162515.0,7
805658.0,698630.0,0
610026.0,444858.0,3
434440.0,822866.0,10
408283.0,806161.0,10
668772.0,858570.0,1
349955.0,535578.0,5
300672.0,175844.0,9
796609.0,319691.0,12
135336.0,552552.0,2
728743.0,850843.0,1
508907.0,173787.0,4
306540.0,193434.0,9
168443.0,367928.0,11
843572.0,784897.0,0
885793.0,172115.0,7
377230.0,790154.0,10
417281.0,410881.0,14
696808.0,866039.0,1
838442.0,506780.0,6
467144.0,147308.0,4
424375.0,721868.0,10
777811.0,751059.0,0
850911.0,157772.0,7
618009.0,867493.0,1
221233.0,538472.0,2
172885.0,352621.0,11
154162.0,536416.0,2
838223.0,766380.0,0
395210.0,357805.0,14
823987.0,687499.0,0
176144.0,353300.0,11
505128.0,175022.0,4
800123.0,312312.0,12
801323.0,316240.0,12
429586.0,775621.0,10
184798.0,392233.0,11
321182.0,150806.0,9
377042.0,182019.0,9
339632.0,536577.0,5
525670.0,184762.0,4
838367.0,536676.0,6
824560.0,133679.0,7
422736.0,790806.0,10
830450.0,393096.0,12
237750.0,837381.0,13
446368.0,763341.0,10
888504.0,147016.0,7
330335.0,568221.0,5
861966.0,562885.0,6
332960.0,569308.0,5
465599.0,383470.0,14
808779.0,732990.0,0
803377.0,319212.0,12
498730.0,183037.0,4
607269.0,536961.0,8
794142.0,306704.0,12
876935.0,684572.0,0
851088.0,157432.0,7
505584.0,176135.0,4
597620.0,586226.0,8
283576.0,809069.0,13
790149.0,565157.0,6
400079.0,749617.0,10
344437.0,529492.0,5
669427.0,846395.0,1
664159.0,550946.0,8
341446.0,538787.0,5
136580.0,553967.0,2
484678.0,123623.0,4
417617.0,414816.0,14
848570.0,703697.0,0
290700.0,196285.0,9
571334.0,594145.0,8
162606.0,363185.0,11
368617.0,554066.0,5
325958.0,573367.0,5
156041.0,295117.0,11
256889.0,880721.0,13
283474.0,532727.0,5
614877.0,402442.0,3
254411.0,848090.0,13
812152.0,689907.0,0
338474.0,563350.0,5
610330.0,552628.0,8
848974.0,199427.0,7
166560.0,559687.0,2
246182.0,840370.0,13
267264.0,153034.0,9
577473.0,384210.0,3
344770.0,570309.0,5
395168.0,404189.0,14
589658.0,640498.0,8
511484.0,160453.0,4
592714.0,553958.0,8
347039.0,195468.0,9
659280.0,845579.0,1
332470.0,161202.0,9
803932.0,318781.0,12
501111.0,157402.0,4
321312.0,574721.0,5
842281.0,175525.0,7
102460.0,533057.0,2
161273.0,347538.0,11
849547.0,738979.0,0
579922.0,379009.0,3
759789.0,229116.0,12
868626.0,737331.0,0
908506.0,549611.0,6
619415.0,397644.0,3
849777.0,531138.0,6
399587.0,792459.0,10
183026.0,545377.0,2
109912.0,565003.0,2
452791.0,156805.0,4
399188.0,402459.0,14
415417.0,785827.0,10
873527.0,126426.0,7
167330.0,332452.0,11
829216.0,121494.0,7
419485.0,804779.0,10
505044.0,180646.0,4
871544.0,144135.0,7
608557.0,590278.0,8
325871.0,558965.0,5
620955.0,389692.0,3
380139.0,434251.0,14
417515.0,787648.0,10
864185.0,161232.0,7
297177.0,88467.0,9
192460.0,388323.0,11
685821.0,816579.0,1
388479.0,343648.0,14
265430.0,151883.0,9
119237.0,591137.0,2
860259.0,545444.0,6
704065.0,832648.0,1
860845.0,155375.0,7
320400.0,160020.0,9
866878.0,501919.0,6
869087.0,153957.0,7
608298.0,573748.0,8
905849.0,524809.0,6
836433.0,200181.0,7
795205.0,316433.0,12
603849.0,572396.0,8
622550.0,391601.0,3
866760.0,753547.0,0
364844.0,571623.0,5
387039.0,365758.0,14
244743.0,830888.0,13
411488.0,837715.0,10
251070.0,877802.0,13
262370.0,891499.0,13
834171.0,189042.0,7
423146.0,737571.0,10
486870.0,146947.0,4
854886.0,769396.0,0
366934.0,581294.0,5
800565.0,319364.0,12
615934.0,426539.0,3
507786.0,199578.0,4
195151.0,317753.0,11
144856.0,551807.0,2
154412.0,310120.0,11
605407.0,427914.0,3
234604.0,822462.0,13
143265.0,548387.0,2
648429.0,422590.0,3
201324.0,574588.0,2
514391.0,156592.0,4
302582.0,134124.0,9
193502.0,557364.0,2
849327.0,548496.0,6
143226.0,522375.0,2
345123.0,577788.0,5
779936.0,774397.0,0
662177.0,420431.0,3
395641.0,808571.0,10
171848.0,343242.0,11
239387.0,847822.0,13
890613.0,567037.0,6
788020.0,765562.0,0
146821.0,297434.0,11
145244.0,561042.0,2
840299.0,118907.0,7
265246.0,889333.0,13
198294.0,552987.0,2
292872.0,896822.0,15
807421.0,317527.0,12
803874.0,675499.0,0
854818.0,554389.0,6
546640.0,560043.0,8
808710.0,330379.0,12
604438.0,574666.0,8
253899.0,862843.0,13
320628.0,564596.0,5
844088.0,150085.0,7
577728.0,587566.0,8
370252.0,347498.0,14
512733.0,174091.0,4
105444.0,361358.0,11
674134.0,908464.0,1
176982.0,354631.0,11
673242.0,886958.0,1
835128.0,212354.0,7
319208.0,164182.0,9
298800.0,824277.0,13
333789.0,151168.0,9
655201.0,411873.0,3
339212.0,538693.0,5
617573.0,386848.0,3
795527.0,315510.0,12
210499.0,526471.0,2
345692.0,788190.0,10
137516.0,556818.0,2
232784.0,169847.0,9
563517.0,391159.0,3
677362.0,853471.0,1
591725.0,406549.0,3
213022.0,338238.0,11
171614.0,435530.0,11
257480.0,849037.0,13
336928.0,557412.0,5
834632.0,541216.0,6
547270.0,403384.0,3
809054.0,345541.0,12
373907.0,558472.0,5
424365.0,371987.0,14
260590.0,827955.0,13
801482.0,327644.0,12
826465.0,646980.0,0
638823.0,411764.0,3
405569.0,411933.0,14
175781.0,341039.0,11
306298.0,551902.0,5
801511.0,761094.0,0
137347.0,622867.0,2
515348.0,184750.0,4
801166.0,322298.0,12
417795.0,405673.0,14
658590.0,886551.0,1
865754.0,723314.0,0
819058.0,729125.0,0
849653.0,143827.0,7
562920.0,559223.0,8
863995.0,150435.0,7
327204.0,152871.0,9
105945.0,528795.0,2
191099.0,341570.0,11
305901.0,166656.0,9
855603.0,542414.0,6
170022.0,347877.0,11
296763.0,528676.0,5
246468.0,838071.0,13
866973.0,550375.0,6
824765.0,761114.0,0
128788.0,546091.0,2
587453.0,401098.0,3
593061.0,579188.0,8
488800.0,197919.0,4
668228.0,858122.0,1
138199.0,541774.0,2
337910.0,562252.0,5
318707.0,160697.0,9
497582.0,190801.0,4
169322.0,577938.0,2
878258.0,158631.0,7
800483.0,320713.0,12
625784.0,441883.0,3
338474.0,564151.0,5
335742.0,196692.0,9
192885.0,887667.0,13
129030.0,588495.0,2
594084.0,629464.0,8
520782.0,134308.0,4
817441.0,709397.0,0
882403.0,534710.0,6
596481.0,567449.0,8
605876.0,550640.0,8
858819.0,544904.0,6
590583.0,623314.0,8
460371.0,780609.0,10
157394.0,346500.0,11
221002.0,870506.0,13
344482.0,215846.0,9
451853.0,420873.0,14
645563.0,819480.0,1
182854.0,534283.0,2
830805.0,370801.0,12
822843.0,763117.0,0
846371.0,578530.0,6
778414.0,260729.0,12
396081.0,396707.0,14
158664.0,310765.0,11
825541.0,151495.0,7
809917.0,762429.0,0
365147.0,790525.0,10
802646.0,317894.0,12
646816.0,829778.0,1
815298.0,167390.0,7
258416.0,835432.0,13
324488.0,180658.0,9
824475.0,518063.0,6
837307.0,548214.0,6
391970.0,419802.0,14
804408.0,337683.0,12
357253.0,388075.0,14
597418.0,538362.0,8
621778.0,364695.0,3
141641.0,557376.0,2
279251.0,184486.0,9
448336.0,789445.0,10
377758.0,413906.0,14
245783.0,109229.0,17
837312.0,572687.0,6
405470.0,392374.0,14
412500.0,594675.0,5
297022.0,574097.0,5
405542.0,600089.0,5
153181.0,277968.0,11
824594.0,741664.0,0
172020.0,342883.0,11
576158.0,210283.0,4
606144.0,575076.0,8
325275.0,866433.0,13
854095.0,158510.0,7
312726.0,853829.0,13
509173.0,178051.0,4
811277.0,335577.0,12
535787.0,199735.0,4
135849.0,550612.0,2
153326.0,558408.0,2
119496.0,543146.0,2
158283.0,570550.0,2
857328.0,143692.0,7
245023.0,849247.0,13
165382.0,518876.0,2
562777.0,437516.0,3
146924.0,565933.0,2
339640.0,561426.0,5
373894.0,555347.0,5
677551.0,860007.0,1
368060.0,76739.0,24
668234.0,886696.0,1
141222.0,572556.0,2
575440.0,568511.0,8
386068.0,422517.0,14
241475.0,850889.0,13
849003.0,115373.0,7
818014.0,140185.0,7
257788.0,880587.0,13
306326.0,164202.0,9
597421.0,554767.0,8
240645.0,855514.0,13
663168.0,859429.0,1
898736.0,548642.0,6
417673.0,785965.0,10
671919.0,571761.0,8
609219.0,362804.0,3
563315.0,215613.0,4
577242.0,574073.0,8
902529.0,162041.0,7
325125.0,564342.0,5
410610.0,765111.0,10
678195.0,860537.0,1
857972.0,160214.0,7
703773.0,870419.0,1
304157.0,566007.0,5
377215.0,418429.0,14
684568.0,380640.0,3
801780.0,318992.0,12
695092.0,820091.0,1
414374.0,439977.0,14
874110.0,541972.0,6
870214.0,556246.0,6
383052.0,89061.0,24
331987.0,568997.0,5
138525.0,534268.0,2
610263.0,574422.0,8
653181.0,886417.0,1
190725.0,336160.0,11
292402.0,184441.0,9
805237.0,318655.0,12
797233.0,713358.0,0
350964.0,149159.0,9
467535.0,416014.0,14
851166.0,532382.0,6
621278.0,888326.0,1
691827.0,863963.0,1
340032.0,561740.0,5
900829.0,590250.0,6
345234.0,188822.0,9
446307.0,796523.0,10
205919.0,844377.0,13
477901.0,173288.0,4
617428.0,397343.0,3
799912.0,323363.0,12
624293.0,333944.0,3
138449.0,555969.0,2
801326.0,315779.0,12
528011.0,201615.0,4
822103.0,732911.0,0
810775.0,160434.0,7
326959.0,154655.0,9
150404.0,539885.0,2
276635.0,875623.0,13
352910.0,145624.0,9
634004.0,895206.0,1
861412.0,205239.0,7
317331.0,556086.0,5
151374.0,538387.0,2
797178.0,310439.0,12
627580.0,840406.0,1
604415.0,571400.0,8
801309.0,318213.0,12
407429.0,399155.0,14
326040.0,156509.0,9
804251.0,329956.0,12
324444.0,166910.0,9
545699.0,174099.0,4
508597.0,173640.0,4
172879.0,347028.0,11
604352.0,573425.0,8
363857.0,784086.0,10
782506.0,279930.0,12
671325.0,856592.0,1
343450.0,570659.0,5
490037.0,164357.0,4
625919.0,402984.0,3
790206.0,747165.0,0
423311.0,813081.0,10
409291.0,431539.0,14
409167.0,449719.0,14
264627.0,808661.0,13
618893.0,419740.0,3
400902.0,772920.0,10
704574.0,866263.0,1
396556.0,406492.0,14
316642.0,553340.0,5
396621.0,381952.0,14
166799.0,318482.0,11
682481.0,879399.0,1
593601.0,445149.0,3
826192.0,577784.0,6
122986.0,334382.0,11
162713.0,586568.0,2
860721.0,547751.0,6
427371.0,819417.0,10
804038.0,306622.0,12
228611.0,836717.0,13
500192.0,192292.0,4
170688.0,343596.0,11
245678.0,821691.0,13
604067.0,574091.0,8
398629.0,401626.0,14
367048.0,553451.0,5
855045.0,547633.0,6
886773.0,509047.0,6
399693.0,395271.0,14
598759.0,582942.0,8
273165.0,852766.0,13
423371.0,373970.0,14
396617.0,801039.0,10
895245.0,150977.0,7
179240.0,577011.0,2
865030.0,541150.0,6
246753.0,175170.0,9
496476.0,140337.0,4
580048.0,565009.0,8
284757.0,175853.0,9
603789.0,574474.0,8
598657.0,442558.0,3
834483.0,173379.0,7
152584.0,564548.0,2
135537.0,356169.0,11
808405.0,318841.0,12
872516.0,217570.0,7
667472.0,570571.0,8
427810.0,400178.0,14
333669.0,542228.0,5
852918.0,552112.0,6
619239.0,400025.0,3
161780.0,324523.0,11
163477.0,561507.0,2
792990.0,685472.0,0
473933.0,191767.0,4
659542.0,840985.0,1
659046.0,930099.0,1
337002.0,589527.0,5
673292.0,857105.0,1
400380.0,588221.0,5
626586.0,415166.0,3
207218.0,589497.0,2
178005.0,594957.0,2
425611.0,793420.0,10
449571.0,387141.0,14
407289.0,798870.0,10
236274.0,861302.0,13
404359.0,783919.0,10
848290.0,143184.0,7
147599.0,513563.0,2
837676.0,148639.0,7
356865.0,545785.0,5
159428.0,300364.0,11
798523.0,324500.0,12
504755.0,150226.0,4
377720.0,727349.0,10
520845.0,176291.0,4
883062.0,547498.0,6
485361.0,169229.0,4
315488.0,160339.0,9
801232.0,307078.0,12
856753.0,145184.0,7
639394.0,576728.0,8
861519.0,531277.0,6
803332.0,315488.0,12
910683.0,612854.0,6
861868.0,549168.0,6
348191.0,165419.0,9
860106.0,157080.0,7
858042.0,178196.0,7
510901.0,175806.0,4
681941.0,370225.0,3
329029.0,204399.0,9
595215.0,391491.0,3
372424.0,413163.0,14
788220.0,301915.0,12
424811.0,413300.0,14
127202.0,525948.0,2
335918.0,566525.0,5
418140.0,415328.0,14
130440.0,562623.0,2
327569.0,158418.0,9
511368.0,173673.0,4
232047.0,522748.0,2
417146.0,822655.0,10
441415.0,780207.0,10
334980.0,143900.0,9
308489.0,145929.0,9
178515.0,370287.0,11
134261.0,519275.0,2
576263.0,547239.0,8
809182.0,319115.0,12
596891.0,579476.0,8
394606.0,401451.0,14
325118.0,556212.0,5
837545.0,696979.0,0
713088.0,880834.0,1
512291.0,169608.0,4
573969.0,434110.0,3
513010.0,141058.0,4
125902.0,318850.0,11
228095.0,843338.0,13
616040.0,330855.0,3
793855.0,298525.0,12
689363.0,817577.0,1
836225.0,709204.0,0
315965.0,587160.0,5
675902.0,853961.0,1
291228.0,101272.0,9
174878.0,362329.0,11
186380.0,363938.0,11
396520.0,405610.0,14
514428.0,222503.0,4
276703.0,559740.0,5
597017.0,575588.0,8
844400.0,150812.0,7
169145.0,355279.0,11
916082.0,517633.0,6
675357.0,870850.0,1
360143.0,155270.0,9
606929.0,571420.0,8
801551.0,320544.0,12
389510.0,370897.0,14
405117.0,364266.0,14
377870.0,377550.0,14
812240.0,177846.0,7
416750.0,435776.0,14
417494.0,392231.0,14
541790.0,172616.0,4
682304.0,876841.0,1
804630.0,332333.0,12
391384.0,413273.0,14
435085.0,791564.0,10
622407.0,583192.0,8
549945.0,372313.0,3
420083.0,787815.0,10
256949.0,820470.0,13
446538.0,180119.0,4
169228.0,364545.0,11
864040.0,538985.0,6
417169.0,792321.0,10
161154.0,538355.0,2
383075.0,447616.0,14
170384.0,339979.0,11
382124.0,786262.0,10
404157.0,406324.0,14
377588.0,402670.0,14
676480.0,860779.0,1
244246.0,847589.0,13
599647.0,858702.0,1
809623.0,734937.0,0
140876.0,334435.0,11
628080.0,562986.0,8
473514.0,788780.0,10
801456.0,320080.0,12
264293.0,890923.0,13
312386.0,555195.0,5
321822.0,187102.0,9
627968.0,574625.0,8
790738.0,308028.0,12
606587.0,573873.0,8
158550.0,354818.0,11
363959.0,810632.0,10
219779.0,330969.0,11
340970.0,564831.0,5
804190.0,320706.0,12
393424.0,399084.0,14
862759.0,157988.0,7
861193.0,573954.0,6
855983.0,534803.0,6
801093.0,317509.0,12
674365.0,860819.0,1
797594.0,302109.0,12
857833.0,170565.0,7
300294.0,178772.0,9
294275.0,174786.0,9
814697.0,729209.0,0
693699.0,822637.0,1
913686.0,576892.0,6
804474.0,747122.0,0
636871.0,929410.0,1
138461.0,558771.0,2
162600.0,392531.0,11
158871.0,312380.0,11
252199.0,828023.0,13
244027.0,850132.0,13
803202.0,549001.0,6
585175.0,574133.0,8
187324.0,377187.0,11
394708.0,739061.0,10
142668.0,544976.0,2
240308.0,844341.0,13
93459.0,514032.0,2
251958.0,886571.0,13
851282.0,153750.0,7
512560.0,224816.0,4
440782.0,782395.0,10
519113.0,194925.0,4
444816.0,409502.0,14
412227.0,787450.0,10
245258.0,799882.0,13
604973.0,574773.0,8
197849.0,575524.0,2
828179.0,155649.0,7
850478.0,566230.0,6
862189.0,735684.0,0
877440.0,529137.0,6
584895.0,574666.0,8
168067.0,340249.0,11
857620.0,709386.0,0
533775.0,163036.0,4
873690.0,156226.0,7
508551.0,174306.0,4
854628.0,773470.0,0
397331.0,407010.0,14
328423.0,161604.0,9
246729.0,879602.0,13
261538.0,525920.0,5
74519.0,527539.0,18
418199.0,851439.0,10
516128.0,178722.0,4
893991.0,544467.0,6
844734.0,164570.0,7
823584.0,568458.0,6
825690.0,703854.0,0
125756.0,579609.0,2
138734.0,557713.0,2
409628.0,833942.0,10
808452.0,320117.0,12
822425.0,727248.0,0
177579.0,319865.0,11
285258.0,848668.0,13
843111.0,581603.0,6
387756.0,435588.0,14
319155.0,159850.0,9
800390.0,309948.0,12
216061.0,848623.0,13
601376.0,579831.0,8
403890.0,792420.0,10
591484.0,571087.0,8
617717.0,613939.0,8
309399.0,838744.0,13
327973.0,534972.0,5
839974.0,154358.0,7
796953.0,726378.0,0
696257.0,894819.0,1
138220.0,560056.0,2
849118.0,571562.0,6
862569.0,719773.0,0
281732.0,221764.0,19
666636.0,858686.0,1
694897.0,834591.0,1
433989.0,765343.0,10
603021.0,577991.0,8
495995.0,160032.0,4
823589.0,728083.0,0
623386.0,387031.0,3
863391.0,126214.0,7
351459.0,565704.0,5
105353.0,589239.0,2
361138.0,551307.0,5
888892.0,702505.0,0
683321.0,873932.0,1
185661.0,404482.0,11
141699.0,530028.0,2
146072.0,288800.0,11
799794.0,315080.0,12
418623.0,404382.0,14
850965.0,156224.0,7
855074.0,542557.0,6
257841.0,193878.0,9
173978.0,346514.0,11
616054.0,371666.0,3
292492.0,99170.0,9
794991.0,291216.0,12
844357.0,163402.0,7
670957.0,810768.0,1
350056.0,566657.0,5
679211.0,886670.0,1
111476.0,358647.0,11
866044.0,584750.0,6
402891.0,801910.0,10
520763.0,250478.0,4
383832.0,340506.0,25
846284.0,113820.0,7
485968.0,123023.0,4
210497.0,359835.0,11
601369.0,411415.0,3
592804.0,584539.0,8
366146.0,196571.0,9
804119.0,328544.0,12
401492.0,790336.0,10
337343.0,156614.0,9
400473.0,408327.0,14
683027.0,876064.0,1
533551.0,582247.0,8
662249.0,918050.0,1
803839.0,310353.0,12
550086.0,442382.0,3
155690.0,368375.0,11
811061.0,333595.0,12
267478.0,894783.0,13
603285.0,449307.0,3
394912.0,755947.0,10
385183.0,556284.0,5
550216.0,184337.0,4
383855.0,390984.0,14
310041.0,533285.0,5
374797.0,407601.0,14
713579.0,879202.0,1
843715.0,568319.0,6
383044.0,180418.0,9
410019.0,732704.0,10
658034.0,897179.0,1
407023.0,787385.0,10
223226.0,546198.0,2
330127.0,570072.0,5
825605.0,167750.0,7
801386.0,313545.0,12
800316.0,311699.0,12
673267.0,883727.0,1
502915.0,183059.0,4
887896.0,558572.0,6
402252.0,414628.0,14
472054.0,129986.0,4
514876.0,182995.0,4
613351.0,407952.0,3
814401.0,341234.0,12
798633.0,317300.0,12
657985.0,453405.0,20
414951.0,852935.0,10
822025.0,749214.0,0
107965.0,535173.0,2
829747.0,530312.0,6
602335.0,433298.0,3
508080.0,175697.0,4
371498.0,393120.0,14
180506.0,330980.0,11
581240.0,362971.0,3
382396.0,405483.0,14
665775.0,845662.0,1
304283.0,183656.0,9
841752.0,731595.0,0
797947.0,319734.0,12
133580.0,348602.0,11
232043.0,177614.0,9
627912.0,593892.0,8
228928.0,855040.0,13
829969.0,699565.0,0
398255.0,405428.0,14
505603.0,147517.0,4
110877.0,562558.0,2
841130.0,529745.0,6
415806.0,783594.0,10
832886.0,781206.0,0
568824.0,570203.0,8
186914.0,361706.0,11
801301.0,316893.0,12
801751.0,318110.0,12
399942.0,385908.0,14
609796.0,532982.0,8
816145.0,349032.0,12
679237.0,862389.0,1
867993.0,162841.0,7
425991.0,787029.0,10
807446.0,342555.0,12
509651.0,149290.0,4
816775.0,739989.0,0
659081.0,860560.0,1
671772.0,860357.0,1
865489.0,161762.0,7
414448.0,429790.0,14
678869.0,902492.0,1
730887.0,825972.0,26
676767.0,832479.0,1
862117.0,600081.0,6
166840.0,562425.0,2
832798.0,734777.0,0
872033.0,558924.0,6
658281.0,582264.0,8
591851.0,569051.0,8
507741.0,178883.0,4
839012.0,550376.0,6
516963.0,174184.0,4
405325.0,407466.0,14
853554.0,158012.0,7
793684.0,312065.0,12
906382.0,534459.0,6
876408.0,183646.0,7
274505.0,864723.0,13
789552.0,731946.0,0
398617.0,402424.0,14
862002.0,534006.0,6
415672.0,787824.0,10
672628.0,882986.0,1
339993.0,544064.0,5
850153.0,155701.0,7
244344.0,185382.0,9
858172.0,137586.0,7
416359.0,786189.0,10
413549.0,408517.0,14
520461.0,173217.0,4
105193.0,596017.0,2
188992.0,563992.0,2
679465.0,399014.0,3
789601.0,714058.0,0
490355.0,153464.0,4
363075.0,162238.0,9
168805.0,351913.0,11
179931.0,536588.0,2
555429.0,604551.0,8
810502.0,336169.0,12
395013.0,387179.0,14
638559.0,558807.0,8
858516.0,151301.0,7
293350.0,175997.0,9
398985.0,413427.0,14
672668.0,861428.0,1
866928.0,716961.0,0
605911.0,379990.0,3
213208.0,833959.0,13
225916.0,843329.0,13
675866.0,868784.0,1
393659.0,439272.0,14
802111.0,320817.0,12
274554.0,845338.0,13
595411.0,413706.0,3
804358.0,320802.0,12
339981.0,565418.0,5
835702.0,176502.0,7
697011.0,856357.0,1
836739.0,162321.0,7
139237.0,548782.0,2
429220.0,787348.0,10
603359.0,589262.0,8
850176.0,127908.0,7
801609.0,320399.0,12
127503.0,623654.0,2
874125.0,543036.0,6
392424.0,375266.0,14
814605.0,354382.0,12
578878.0,420108.0,3
889805.0,522039.0,6
831446.0,182864.0,7
854922.0,159650.0,7
256073.0,917590.0,13
397735.0,448097.0,14
143912.0,595772.0,2
850663.0,157840.0,7
187858.0,381077.0,11
604546.0,847329.0,1
533931.0,173291.0,4
411171.0,426853.0,14
864494.0,136669.0,7
426689.0,788562.0,10
135284.0,555664.0,2
515856.0,148316.0,4
765502.0,240340.0,12
311328.0,159477.0,9
133780.0,533275.0,2
318192.0,170844.0,9
799724.0,318884.0,12
739318.0,810528.0,26
893145.0,551400.0,6
190241.0,329582.0,11
286769.0,862152.0,13
469139.0,810971.0,10
797242.0,324588.0,12
333901.0,532836.0,5
241545.0,838673.0,13
513362.0,223841.0,4
168274.0,374689.0,11
872506.0,157517.0,7
344791.0,578536.0,5
408147.0,436628.0,14
470041.0,102049.0,4
388202.0,405780.0,14
793560.0,285392.0,12
672387.0,800443.0,1
374117.0,546122.0,5
882007.0,593653.0,6
125005.0,540340.0,2
796943.0,674692.0,0
338860.0,561151.0,5
796786.0,724615.0,0
142265.0,546135.0,2
88703.0,577217.0,2
344239.0,530765.0,5
169876.0,340860.0,11
802814.0,320130.0,12
101722.0,535117.0,2
345495.0,579864.0,5
325938.0,164475.0,9
528766.0,239937.0,4
306357.0,123397.0,9
830888.0,544022.0,6
671235.0,856653.0,1
262846.0,559590.0,5
347575.0,565576.0,5
352209.0,548608.0,5
842907.0,133992.0,7
797415.0,319840.0,12
618391.0,348381.0,3
383032.0,788008.0,10
678606.0,878004.0,1
179483.0,359645.0,11
371000.0,555062.0,5
613037.0,419086.0,3
258201.0,153095.0,9
396276.0,785999.0,10
345042.0,566973.0,5
565148.0,557305.0,8
142252.0,329183.0,11
653745.0,809028.0,1
615094.0,383077.0,3
873791.0,606643.0,6
900360.0,153622.0,7
131874.0,552586.0,2
605650.0,447537.0,3
359036.0,365793.0,14
276792.0,141848.0,9
861994.0,160156.0,7
784838.0,771499.0,0
305915.0,854818.0,13
784151.0,283760.0,12
849501.0,552769.0,6
163796.0,345091.0,11
172882.0,571145.0,2
395274.0,786698.0,10
210276.0,824826.0,13
663820.0,416308.0,3
321620.0,169950.0,9
143117.0,345163.0,11
870599.0,149782.0,7
844627.0,556401.0,6
398795.0,472619.0,14
824674.0,806300.0,0
870054.0,738900.0,0
860986.0,140320.0,7
95074.0,570002.0,2
402660.0,406054.0,14
527753.0,213985.0,4
829529.0,375007.0,12
522869.0,176818.0,4
800845.0,311838.0,12
850674.0,533083.0,6
593166.0,622725.0,8
391163.0,811977.0,10
218942.0,848326.0,13
359831.0,554975.0,5
895127.0,152283.0,7
334354.0,578047.0,5
497211.0,174121.0,4
847423.0,161535.0,7
505079.0,219082.0,4
632125.0,541413.0,8
136078.0,547418.0,2
847276.0,121785.0,7
360319.0,778673.0,10
400055.0,131725.0,21
165886.0,348709.0,11
810817.0,509540.0,6
426172.0,363147.0,14
667713.0,847241.0,1
98533.0,355691.0,11
840020.0,568424.0,6
634383.0,422065.0,3
127373.0,549518.0,2
109317.0,531425.0,2
411796.0,581307.0,5
573755.0,218049.0,4
802012.0,318315.0,12
641070.0,424917.0,3
600039.0,557139.0,8
422056.0,382193.0,14
706906.0,885612.0,1
335999.0,549795.0,5
187854.0,354777.0,11
665308.0,868551.0,1
511289.0,183247.0,4
170002.0,370000.0,11
183970.0,355973.0,11
143592.0,606949.0,2
658199.0,568743.0,8
297110.0,556485.0,5
345164.0,579614.0,5
877422.0,134877.0,7
186361.0,351075.0,11
509928.0,184873.0,4
314519.0,146787.0,9
800816.0,176612.0,7
287127.0,192494.0,9
586097.0,567445.0,8
880362.0,706363.0,0
402081.0,407514.0,14
784164.0,285702.0,12
802431.0,322048.0,12
418086.0,394699.0,14
808153.0,737136.0,0
873636.0,510687.0,6
159711.0,352701.0,11
391966.0,387214.0,14
599766.0,409755.0,3
798007.0,723995.0,0
835790.0,127898.0,7
488205.0,420586.0,14
275524.0,559548.0,5
211165.0,825505.0,13
801493.0,322249.0,12
518068.0,137556.0,4
172116.0,513383.0,2
253703.0,834676.0,13
270742.0,847836.0,13
496658.0,816784.0,10
371685.0,151612.0,9
805089.0,762512.0,0
338753.0,563384.0,5
168149.0,345638.0,11
872241.0,556733.0,6
345703.0,149860.0,9
805391.0,732659.0,0
864667.0,143614.0,7
369227.0,397853.0,14
660103.0,414557.0,3
786245.0,292352.0,12
151099.0,518008.0,2
520759.0,184923.0,4
669697.0,859388.0,1
641031.0,593074.0,8
160280.0,493497.0,2
178264.0,330827.0,11
882306.0,173836.0,7
868375.0,161990.0,7
415270.0,775605.0,10
497255.0,188783.0,4
507832.0,181513.0,4
585207.0,336451.0,3
469656.0,153741.0,4
319283.0,158983.0,9
508228.0,220433.0,4
840375.0,155757.0,7
690018.0,819280.0,1
274495.0,182470.0,9
857231.0,551055.0,6
236740.0,853169.0,13
374695.0,563163.0,5
162040.0,316797.0,11
116142.0,550919.0,2
839094.0,159543.0,7
915666.0,506439.0,6
211266.0,534538.0,2
500225.0,177559.0,4
812942.0,85345.0,23
802254.0,320673.0,12
669366.0,869654.0,1
153738.0,360530.0,11
860154.0,113364.0,7
769876.0,257669.0,12
493897.0,189627.0,4
599870.0,591110.0,8
309684.0,150076.0,9
801526.0,705057.0,0
789583.0,287700.0,12
507445.0,193647.0,4
203254.0,362605.0,11
414512.0,793966.0,10
397399.0,403186.0,14
331212.0,162496.0,9
820350.0,748217.0,0
604001.0,573587.0,8
299460.0,144708.0,9
457554.0,795861.0,10
332884.0,533990.0,5
206687.0,342276.0,11
348171.0,569251.0,5
800959.0,322309.0,12
445043.0,152257.0,4
563763.0,559454.0,8
141861.0,328909.0,11
207804.0,354938.0,11
668482.0,358452.0,3
296164.0,96874.0,9
829240.0,591428.0,6
805884.0,549492.0,6
663578.0,586265.0,8
778965.0,282290.0,12
269723.0,849664.0,13
420319.0,794333.0,10
322365.0,530808.0,5
244899.0,812192.0,13
473202.0,140745.0,4
213064.0,290947.0,16
813436.0,360446.0,12
807401.0,314610.0,12
347050.0,150472.0,9
894124.0,202052.0,7
316263.0,163806.0,9
874544.0,686096.0,0
624343.0,403629.0,3
343376.0,575709.0,5
787336.0,144875.0,7
378274.0,816341.0,10
545455.0,182232.0,4
494317.0,170837.0,4
383821.0,808301.0,10
664025.0,801796.0,1
416893.0,347737.0,14
720629.0,816515.0,26
881789.0,727577.0,0
617764.0,397102.0,3
247997.0,878582.0,13
302359.0,534317.0,5
407188.0,396576.0,14
551867.0,170425.0,4
173847.0,514665.0,2
404792.0,749210.0,10
317675.0,838127.0,13
718257.0,857481.0,1
144502.0,345417.0,11
139434.0,557410.0,2
138965.0,558201.0,2
820675.0,168154.0,7
292194.0,906490.0,15
297212.0,546223.0,5
347933.0,797148.0,10
850453.0,155432.0,7
695260.0,824882.0,1
810460.0,735109.0,0
336974.0,563207.0,5
288675.0,919879.0,15
869167.0,105039.0,7
583728.0,563146.0,8
250394.0,847577.0,13
588964.0,597435.0,8
665828.0,868934.0,1
379388.0,567285.0,5
241138.0,844374.0,13
856561.0,128799.0,7
204922.0,854068.0,13
827711.0,732798.0,0
786227.0,765634.0,0
805372.0,313397.0,12
365567.0,547606.0,5
832758.0,707452.0,0
682053.0,853410.0,1
673332.0,857517.0,1
800804.0,316615.0,12
626371.0,349696.0,3
801172.0,715857.0,0
497454.0,172375.0,4
334812.0,137431.0,9
422419.0,754048.0,10
448651.0,847994.0,10
399020.0,404042.0,14
676694.0,851597.0,1
674311.0,859933.0,1
467107.0,817914.0,10
166449.0,363036.0,11
382419.0,110392.0,9
101553.0,517715.0,2
653325.0,396810.0,3
576488.0,397913.0,3
828005.0,145089.0,7
629998.0,877765.0,1
667639.0,571164.0,8
321262.0,178491.0,9
639502.0,371440.0,3
391530.0,398743.0,14
507895.0,177445.0,4
783110.0,289805.0,12
368864.0,411216.0,14
169502.0,411323.0,11
442286.0,755194.0,10
656477.0,573007.0,8
800479.0,321640.0,12
799326.0,106384.0,23
335328.0,562880.0,5
162124.0,500069.0,2
813239.0,139752.0,7
802394.0,87835.0,23
475944.0,189337.0,4
806567.0,140259.0,7
385140.0,796221.0,10
201567.0,881003.0,13
171986.0,429306.0,11
722463.0,882675.0,1
419520.0,778231.0,10
335027.0,565050.0,5
513181.0,177419.0,4
809781.0,326904.0,12
165356.0,570715.0,2
517495.0,186329.0,4
510414.0,142485.0,4
121786.0,564225.0,2
346717.0,178180.0,9
668367.0,855686.0,1
176506.0,351827.0,11
178495.0,373915.0,11
256216.0,903741.0,13
608182.0,416637.0,3
666516.0,859837.0,1
849751.0,167033.0,7
879805.0,547494.0,6
613871.0,550423.0,8
411090.0,435389.0,14
865489.0,548920.0,6
835428.0,731189.0,0
640432.0,837036.0,1
837019.0,215527.0,7
502877.0,192740.0,4
860384.0,555572.0,6
797272.0,324228.0,12
414014.0,816460.0,10
232357.0,810798.0,13
359796.0,165920.0,9
332307.0,189590.0,9
828589.0,652430.0,0
545957.0,196749.0,4
920249.0,551171.0,6
213775.0,841758.0,13
434815.0,388041.0,14
866139.0,717138.0,0
808097.0,502521.0,6
186536.0,330019.0,11
509279.0,180548.0,4
814561.0,575281.0,6
249209.0,801933.0,13
325057.0,581121.0,5
858418.0,546935.0,6
648230.0,857418.0,1
347630.0,120931.0,9
628264.0,616214.0,8
430243.0,781020.0,10
396903.0,591235.0,5
635887.0,384511.0,3
661166.0,404325.0,3
786234.0,267976.0,12
370602.0,353215.0,14
222682.0,806314.0,13
127858.0,609681.0,2
211360.0,279794.0,16
821909.0,728448.0,0
472917.0,830363.0,10
588432.0,446279.0,3
851216.0,516166.0,6
415933.0,422485.0,14
799291.0,317500.0,12
104862.0,608089.0,2
624369.0,532153.0,8
158571.0,361986.0,11
853439.0,518568.0,6
164046.0,346109.0,11
502737.0,174437.0,4
798059.0,316113.0,12
825414.0,734466.0,0
469470.0,189347.0,4
172842.0,351663.0,11
629247.0,364078.0,3
222019.0,839774.0,13
807072.0,687932.0,0
806982.0,316680.0,12
860927.0,110775.0,7
853291.0,557685.0,6
894268.0,532597.0,6
202011.0,337353.0,11
801080.0,318049.0,12
655859.0,416496.0,3
223408.0,520131.0,2
650054.0,432740.0,3
216543.0,842952.0,13
684091.0,842566.0,1
674463.0,862486.0,1
424023.0,737453.0,10
140717.0,554093.0,2
336549.0,565597.0,5
401240.0,354085.0,14
693362.0,837786.0,1
339967.0,562602.0,5
238080.0,830689.0,13
856167.0,542249.0,6
513562.0,229098.0,4
136059.0,558213.0,2
194033.0,340466.0,11
828531.0,731300.0,0
823959.0,737866.0,0
244966.0,841126.0,13
644301.0,925034.0,1
504728.0,174541.0,4
505117.0,141877.0,4
884326.0,479802.0,6
496384.0,166644.0,4
470922.0,770669.0,10
292932.0,558293.0,5
253890.0,807676.0,13
852503.0,146551.0,7
314666.0,849163.0,13
474652.0,193224.0,4
822664.0,720677.0,0
843150.0,156573.0,7
332284.0,194186.0,9
94458.0,533883.0,2
312558.0,520650.0,5
227363.0,836593.0,13
416433.0,786159.0,10
811694.0,188374.0,7
430686.0,844506.0,10
321657.0,538660.0,5
261120.0,804153.0,13
801204.0,755177.0,0
504511.0,149234.0,4
342066.0,119083.0,9
355168.0,114823.0,9
327927.0,168535.0,9
624599.0,417673.0,3
162921.0,317643.0,11
108512.0,525986.0,2
597173.0,575538.0,8
409814.0,836083.0,10
180493.0,319750.0,11
390282.0,789593.0,10
857846.0,153281.0,7
802237.0,318526.0,12
94933.0,588147.0,2
841292.0,155620.0,7
840994.0,578455.0,6
532549.0,172894.0,4
212009.0,864463.0,13
906640.0,587296.0,6
165689.0,356983.0,11
800231.0,732106.0,0
391776.0,409868.0,14
209553.0,326461.0,11
813868.0,188928.0,7
163981.0,344090.0,11
342099.0,561508.0,5
800444.0,311497.0,12
824185.0,167369.0,7
416884.0,786845.0,10
842719.0,506205.0,6
603055.0,589818.0,8
875640.0,561262.0,6
156003.0,502860.0,2
895835.0,123485.0,7
627727.0,578737.0,8
233284.0,860085.0,13
509804.0,175714.0,4
480128.0,785580.0,10
638004.0,837697.0,1
881109.0,152198.0,7
144705.0,375936.0,11
504243.0,237336.0,4
506288.0,177990.0,4
802041.0,319504.0,12
499637.0,194036.0,4
344710.0,213543.0,9
797787.0,301470.0,12
136418.0,562926.0,2
621964.0,409409.0,3
324516.0,522674.0,5
137172.0,523482.0,2
819628.0,810748.0,0
346144.0,560472.0,5
408224.0,399767.0,14
293978.0,197091.0,9
460942.0,779073.0,10
604703.0,392288.0,3
296627.0,93375.0,9
391439.0,399819.0,14
835581.0,147664.0,7
411721.0,717873.0,10
250003.0,859517.0,13
409244.0,460295.0,14
360703.0,150999.0,9
156474.0,570384.0,2
591823.0,639096.0,8
807017.0,330432.0,12
670519.0,870010.0,1
268926.0,813783.0,13
137316.0,562151.0,2
835804.0,710711.0,0
607440.0,403119.0,3
663049.0,843538.0,1
523779.0,163905.0,4
611357.0,393577.0,3
625579.0,551084.0,8
596796.0,529933.0,8
246470.0,842932.0,13
859213.0,538040.0,6
200005.0,825237.0,13
341559.0,562163.0,5
851280.0,156049.0,7
307913.0,91419.0,9
604737.0,574591.0,8
887556.0,531797.0,6
444610.0,400247.0,14
277027.0,536847.0,5
269354.0,811847.0,13
382222.0,441817.0,14
328586.0,551385.0,5
141991.0,539522.0,2
816054.0,733183.0,0
823740.0,169808.0,7
603145.0,574795.0,8
829229.0,143653.0,7
176490.0,344679.0,11
499009.0,205823.0,4
516084.0,178725.0,4
248931.0,844960.0,13
122130.0,568886.0,2
661357.0,801817.0,1
236207.0,886769.0,13
623502.0,420376.0,3
823856.0,749355.0,0
823417.0,701523.0,0
644843.0,838626.0,1
639507.0,438534.0,3
639997.0,865965.0,1
197362.0,870337.0,13
415521.0,368125.0,14
582777.0,542670.0,8
668502.0,563937.0,8
313649.0,523765.0,5
307747.0,128551.0,9
417393.0,771537.0,10
170616.0,352610.0,11
848264.0,762550.0,0
192564.0,547558.0,2
677459.0,896720.0,1
687078.0,791051.0,1
504096.0,192493.0,4
664325.0,877878.0,1
210102.0,333312.0,11
513991.0,165072.0,4
818209.0,719382.0,0
101427.0,615890.0,2
140128.0,325904.0,11
861364.0,598127.0,6
246047.0,846189.0,13
801931.0,317202.0,12
160222.0,380591.0,11
163091.0,350167.0,11
809453.0,736879.0,0
409515.0,756149.0,10
876151.0,582116.0,6
665697.0,929571.0,1
875410.0,128878.0,7
856202.0,158811.0,7
399753.0,404222.0,14
427850.0,762201.0,10
857283.0,548467.0,6
613840.0,534167.0,8
328425.0,159826.0,9
425386.0,379634.0,14
338633.0,563504.0,5
883567.0,161769.0,7
155505.0,355581.0,11
324055.0,590810.0,5
409417.0,758123.0,10
665660.0,828338.0,1
658884.0,390135.0,3
641840.0,886745.0,1
551236.0,401856.0,3
182751.0,435819.0,11
174064.0,357989.0,11
159191.0,309314.0,11
819250.0,517655.0,6
247613.0,815836.0,13
847292.0,559228.0,6
241166.0,845204.0,13
687717.0,379483.0,3
286990.0,529505.0,5
422943.0,804253.0,10
183236.0,338163.0,11
353583.0,554147.0,5
551291.0,576721.0,8
900955.0,185733.0,7
140706.0,547367.0,2
500360.0,213540.0,4
850945.0,161669.0,7
286568.0,547471.0,5
278326.0,829095.0,13
617910.0,592293.0,8
405652.0,622938.0,5
338950.0,572545.0,5
778867.0,140736.0,7
411053.0,432808.0,14
802482.0,335269.0,12
394018.0,799506.0,10
584938.0,344365.0,3
332116.0,594868.0,5
371616.0,570648.0,5
311433.0,134432.0,9
368724.0,598412.0,5
137197.0,556522.0,2
341966.0,586266.0,5
301983.0,173386.0,9
326152.0,563230.0,5
823974.0,725025.0,0
659734.0,844127.0,1
469422.0,822619.0,10
629718.0,558104.0,8
588933.0,366439.0,3
263626.0,851699.0,13
875160.0,698897.0,0
571692.0,449353.0,3
412111.0,418466.0,14
683610.0,910782.0,1
534702.0,244239.0,4
383878.0,376230.0,14
295357.0,842293.0,13
559877.0,401053.0,3
821895.0,732158.0,0
614943.0,540976.0,8
166973.0,334724.0,11
336585.0,420977.0,14
803796.0,314893.0,12
117089.0,561455.0,2
846741.0,539481.0,6
403329.0,717870.0,10
801810.0,728106.0,0
841843.0,503359.0,6
819843.0,570485.0,6
185935.0,554627.0,2
602887.0,595245.0,8
157138.0,565993.0,2
599808.0,596484.0,8
134422.0,544300.0,2
349296.0,557688.0,5
404288.0,349685.0,14
807929.0,730950.0,0
814553.0,164190.0,7
95749.0,602775.0,2
658734.0,883214.0,1
623004.0,508050.0,8
77875.0,516899.0,18
858867.0,700187.0,0
400660.0,404811.0,14
414562.0,787355.0,10
852037.0,649724.0,0
432656.0,783776.0,10
794615.0,305632.0,12
245740.0,814541.0,13
163190.0,331719.0,11
812869.0,346251.0,12
794667.0,315069.0,12
331340.0,524203.0,5
402069.0,434868.0,14
315670.0,160928.0,9
397618.0,404912.0,14
828147.0,808738.0,0
315830.0,102777.0,9
474516.0,189144.0,4
819580.0,545900.0,6
829398.0,724900.0,0
605958.0,573728.0,8
202913.0,525966.0,2
601390.0,453925.0,3
385091.0,599401.0,5
414036.0,742189.0,10
339482.0,151261.0,9
832651.0,373469.0,12
445199.0,763833.0,10
657120.0,386782.0,3
424228.0,442208.0,14
659166.0,861665.0,1
376557.0,109320.0,9
838821.0,563842.0,6
334983.0,572690.0,5
158750.0,312102.0,11
170271.0,306395.0,11
822156.0,732296.0,0
615032.0,402225.0,3
185253.0,344152.0,11
834602.0,213597.0,7
625728.0,579460.0,8
618449.0,404599.0,3
339288.0,588052.0,5
495388.0,156422.0,4
821908.0,732077.0,0
604090.0,574392.0,8
410418.0,409414.0,14
518892.0,165875.0,4
846256.0,154064.0,7
169293.0,348686.0,11
230591.0,874855.0,13
394159.0,411676.0,14
846772.0,509036.0,6
409142.0,811927.0,10
407576.0,434017.0,14
649412.0,856993.0,1
442979.0,803024.0,10
786032.0,701427.0,0
828478.0,655405.0,0
282603.0,846165.0,13
310944.0,559497.0,5
308763.0,166511.0,9
115781.0,594942.0,2
344314.0,595915.0,5
805462.0,317833.0,12
832010.0,554080.0,6
817807.0,715863.0,0
854012.0,157449.0,7
601212.0,370698.0,3
388806.0,569524.0,5
249370.0,872804.0,13
140121.0,346875.0,11
321216.0,569834.0,5
611044.0,571814.0,8
833182.0,379714.0,12
645171.0,595209.0,8
295537.0,91032.0,9
378824.0,430343.0,14
220931.0,876605.0,13
338084.0,560295.0,5
500474.0,169746.0,4
181561.0,358111.0,11
142000.0,554964.0,2
699668.0,863774.0,1
115905.0,560139.0,2
105568.0,584102.0,2
379128.0,418858.0,14
141993.0,331189.0,11
864265.0,549505.0,6
418149.0,790096.0,10
269483.0,848608.0,13
407040.0,577739.0,5
797009.0,293194.0,12
601885.0,573083.0,8
620187.0,400168.0,3
353145.0,580916.0,5
424190.0,780052.0,10
381340.0,409680.0,14
817135.0,349925.0,12
601182.0,582584.0,8
307107.0,174760.0,9
874791.0,559085.0,6
327998.0,571265.0,5
281979.0,518199.0,5
238714.0,858826.0,13
865020.0,550686.0,6
136569.0,532130.0,2
335525.0,567445.0,5
479631.0,178459.0,4
112673.0,516997.0,2
871873.0,509094.0,6
400257.0,404936.0,14
275459.0,190178.0,9
352429.0,359750.0,14
848151.0,741869.0,0
427388.0,815258.0,10
806511.0,313841.0,12
495032.0,203929.0,4
673750.0,594081.0,8
873532.0,712802.0,0
307605.0,840195.0,13
594720.0,848457.0,1
843905.0,219401.0,7
167653.0,352074.0,11
166597.0,572855.0,2
802655.0,316263.0,12
245254.0,907991.0,13
855969.0,193497.0,7
399149.0,784376.0,10
293746.0,544468.0,5
569422.0,567790.0,8
688076.0,833905.0,1
562356.0,383175.0,3
617444.0,397675.0,3
328851.0,147002.0,9
529409.0,157228.0,4
398980.0,407667.0,14
439145.0,407748.0,14
404273.0,429948.0,14
481067.0,172555.0,4
796952.0,318633.0,12
303269.0,531608.0,5
228517.0,837056.0,13
416110.0,374296.0,14
400545.0,404212.0,14
680579.0,836946.0,1
686324.0,364237.0,3
898578.0,612291.0,6
310386.0,171068.0,9
673514.0,390760.0,3
315333.0,144566.0,9
397791.0,444527.0,14
343119.0,382074.0,14
914183.0,620056.0,6
398311.0,383357.0,14
828194.0,742074.0,0
606809.0,572101.0,8
505384.0,174535.0,4
348263.0,386451.0,14
311065.0,219934.0,9
158060.0,525533.0,2
399717.0,403257.0,14
885379.0,603686.0,6
164354.0,347671.0,11
609091.0,437020.0,3
878170.0,123364.0,7
392919.0,405103.0,14
248779.0,111087.0,17
142455.0,343512.0,11
606486.0,420054.0,3
329905.0,579935.0,5
797400.0,315778.0,12
358830.0,431609.0,14
843911.0,730036.0,0
285152.0,520229.0,5
358312.0,559466.0,5
794640.0,313497.0,12
305292.0,175260.0,9
146120.0,576624.0,2
602167.0,543919.0,8
208941.0,860169.0,13
619295.0,397643.0,3
805080.0,323708.0,12
813781.0,738344.0,0
634661.0,446187.0,3
324337.0,162686.0,9
606933.0,576409.0,8
133023.0,574572.0,2
250921.0,819639.0,13
818756.0,743887.0,0
789388.0,712210.0,0
196462.0,887983.0,13
237757.0,834092.0,13
646422.0,900526.0,1
681049.0,846975.0,1
827169.0,708345.0,0
145282.0,391482.0,11
240221.0,843932.0,13
599215.0,391457.0,3
397889.0,398501.0,14
341721.0,576427.0,5
853692.0,746285.0,0
149054.0,556986.0,2
562772.0,382904.0,3
311516.0,94189.0,9
390182.0,360941.0,14
392046.0,391220.0,14
125548.0,552424.0,2
170102.0,323164.0,11
838146.0,159541.0,7
317771.0,154916.0,9
407565.0,766203.0,10
177858.0,352255.0,11
311819.0,140674.0,9
653258.0,860766.0,1
674659.0,860894.0,1
621622.0,390298.0,3
579712.0,568354.0,8
854342.0,541611.0,6
872781.0,154295.0,7
642843.0,909185.0,1
129664.0,341196.0,11
335029.0,553213.0,5
434080.0,785264.0,10
294326.0,807584.0,13
857319.0,543529.0,6
115287.0,602637.0,2
392795.0,817694.0,10
832372.0,600070.0,6
621989.0,394856.0,3
617118.0,374098.0,3
334016.0,562797.0,5
819737.0,737829.0,0
373943.0,376926.0,14
846011.0,160034.0,7
803962.0,731228.0,0
333143.0,200298.0,9
442826.0,795974.0,10
663945.0,828490.0,1
858325.0,586062.0,6
233105.0,591646.0,2
889142.0,154467.0,7
677896.0,867053.0,1
723173.0,872525.0,1
213951.0,352868.0,11
806087.0,326636.0,12
136301.0,569544.0,2
815131.0,704478.0,0
478442.0,125560.0,4
618053.0,357534.0,3
489504.0,146224.0,4
529858.0,213114.0,4
228032.0,893055.0,13
858703.0,157931.0,7
264427.0,188193.0,9
853874.0,560250.0,6
813092.0,739043.0,0
316313.0,570785.0,5
605107.0,563429.0,8
275288.0,212315.0,19
649034.0,528813.0,8
325279.0,168587.0,9
325767.0,164095.0,9
240213.0,118409.0,17
353333.0,113156.0,9
321778.0,158339.0,9
137098.0,384889.0,11
818668.0,120458.0,7
170494.0,560892.0,2
617755.0,401065.0,3
674521.0,861127.0,1
849126.0,121710.0,7
168573.0,350387.0,11
229131.0,842806.0,13
179463.0,361279.0,11
248276.0,844455.0,13
791722.0,162000.0,7
134449.0,557556.0,2
609030.0,552436.0,8
867533.0,542290.0,6
626700.0,401688.0,3
306421.0,145493.0,9
680261.0,863401.0,1
346079.0,220993.0,9
502355.0,164119.0,4
299578.0,572052.0,5
367079.0,183232.0,9
664639.0,925795.0,1
303637.0,570253.0,5
804332.0,319006.0,12
246857.0,852483.0,13
179834.0,541387.0,2
315146.0,160782.0,9
855993.0,225023.0,7
566524.0,179796.0,4
806888.0,492319.0,6
158773.0,588778.0,2
883434.0,581923.0,6
818063.0,797960.0,0
815652.0,733433.0,0
343145.0,172236.0,9
451753.0,383440.0,14
632060.0,367800.0,3
822224.0,742716.0,0
827192.0,785316.0,0
507862.0,172954.0,4
848135.0,130674.0,7
855177.0,626376.0,22
835648.0,756631.0,0
370775.0,144355.0,9
817777.0,724927.0,0
179472.0,342273.0,11
679242.0,853941.0,1
344380.0,183817.0,9
336991.0,217448.0,9
855656.0,162100.0,7
800772.0,325023.0,12
664156.0,846474.0,1
145251.0,553486.0,2
618869.0,398187.0,3
605913.0,579526.0,8
376176.0,795539.0,10
675633.0,863416.0,1
860507.0,526669.0,6
332270.0,556288.0,5
345069.0,165968.0,9
324121.0,96346.0,9
179224.0,584189.0,2
473316.0,162622.0,4
404782.0,557913.0,5
140989.0,537156.0,2
131523.0,568207.0,2
850925.0,157811.0,7
282066.0,560178.0,5
836450.0,151205.0,7
810657.0,329468.0,12
171074.0,293610.0,11
375997.0,806621.0,10
608309.0,377530.0,3
821337.0,733356.0,0
157691.0,334886.0,11
146183.0,622188.0,2
335235.0,180161.0,9
897286.0,558004.0,6
249857.0,844975.0,13
620213.0,574468.0,8
437568.0,794323.0,10
827081.0,694553.0,0
308966.0,523409.0,5
419200.0,403389.0,14
795322.0,311178.0,12
322789.0,137560.0,9
163925.0,576666.0,2
331366.0,567311.0,5
598628.0,425191.0,3
422917.0,781112.0,10
623248.0,399928.0,3
582015.0,546191.0,8
800037.0,317963.0,12
426040.0,825049.0,10
796916.0,323332.0,12
821464.0,700760.0,0
615342.0,413931.0,3
366794.0,582584.0,5
677983.0,890077.0,1
860520.0,544023.0,6
182435.0,365508.0,11
861631.0,169376.0,7
397806.0,749559.0,10
318065.0,581616.0,5
600117.0,539079.0,8
819768.0,346596.0,12
318266.0,171979.0,9
846082.0,541026.0,6
393903.0,387227.0,14
811502.0,355939.0,12
657879.0,857942.0,1
651740.0,589474.0,8
371548.0,414612.0,14
675988.0,841317.0,1
804936.0,148980.0,7
786719.0,283364.0,12
176433.0,350561.0,11
816955.0,747629.0,0
387461.0,394402.0,14
797918.0,694723.0,0
659321.0,404555.0,3
807293.0,347456.0,12
697161.0,840318.0,1
629978.0,400626.0,3
295375.0,861990.0,13
800913.0,749332.0,0
201907.0,516078.0,2
139474.0,569485.0,2
817252.0,730254.0,0
839088.0,528460.0,6
551740.0,588768.0,8
291782.0,159562.0,9
165657.0,338722.0,11
321645.0,164662.0,9
446537.0,828924.0,10
780927.0,285057.0,12
314791.0,163370.0,9
621241.0,368090.0,3
484348.0,202813.0,4
366478.0,594677.0,5
344364.0,213940.0,9
598671.0,854219.0,1
443618.0,157237.0,4
683156.0,877209.0,1
889975.0,589361.0,6
361227.0,221878.0,9
804979.0,334141.0,12
846720.0,162060.0,7
138012.0,558263.0,2
494000.0,189403.0,4
817776.0,525600.0,6
542311.0,161882.0,4
189102.0,333074.0,11
473649.0,178184.0,4
606415.0,581386.0,8
358562.0,112650.0,9
777978.0,252419.0,12
238492.0,833394.0,13
601530.0,577183.0,8
404445.0,402466.0,14
118391.0,553625.0,2
169994.0,409806.0,11
293201.0,192871.0,9
210162.0,860529.0,13
412797.0,803180.0,10
507674.0,147431.0,4
354529.0,573677.0,5
221706.0,875060.0,13
424720.0,768456.0,10
141113.0,351050.0,11
797205.0,313318.0,12
436362.0,379677.0,14
869471.0,745767.0,0
827031.0,734324.0,0
811389.0,723618.0,0
606011.0,569426.0,8
488330.0,173837.0,4
294310.0,563522.0,5
174373.0,363552.0,11
350117.0,535859.0,5
127964.0,538935.0,2
341966.0,561987.0,5
408992.0,462226.0,14
600679.0,599545.0,8
247855.0,794626.0,13
470062.0,771204.0,10
505225.0,158750.0,4
223550.0,323197.0,11
852104.0,134678.0,7
603945.0,361794.0,3
806192.0,337849.0,12
662293.0,872590.0,1
715956.0,900724.0,1
850376.0,739749.0,0
657094.0,857640.0,1
851919.0,127963.0,7
413241.0,771595.0,10
824212.0,363776.0,12
540196.0,180312.0,4
859577.0,544625.0,6
639613.0,388524.0,3
252845.0,181181.0,9
804702.0,315881.0,12
671269.0,590258.0,8
486997.0,164803.0,4
481356.0,162127.0,4
343717.0,559909.0,5
689628.0,868984.0,1
583653.0,652182.0,8
354132.0,161850.0,9
826048.0,374236.0,12
528938.0,174372.0,4
500589.0,181466.0,4
136531.0,557658.0,2
541498.0,192746.0,4
424089.0,352640.0,14
351564.0,573155.0,5
183516.0,374212.0,11
169880.0,343122.0,11
216975.0,296647.0,16
206219.0,604081.0,2
398246.0,406245.0,14
504373.0,165819.0,4
615826.0,863168.0,1
803277.0,319525.0,12
411471.0,446824.0,14
841045.0,738224.0,0
425356.0,745471.0,10
561388.0,355834.0,3
673410.0,863889.0,1
627206.0,402647.0,3
261093.0,844962.0,13
398153.0,407081.0,14
186806.0,334070.0,11
139299.0,314046.0,11
452570.0,848127.0,10
620330.0,398630.0,3
486034.0,196122.0,4
333378.0,557892.0,5
361875.0,448199.0,14
838808.0,524944.0,6
164453.0,544085.0,2
608747.0,363132.0,3
459328.0,805961.0,10
123905.0,508486.0,2
845303.0,150476.0,7
202053.0,322650.0,11
822293.0,786837.0,0
287966.0,150135.0,9
139847.0,552015.0,2
868025.0,569296.0,6
393825.0,453067.0,14
408745.0,824896.0,10
160922.0,347681.0,11
863102.0,545783.0,6
791470.0,751113.0,0
848413.0,183717.0,7
495165.0,163113.0,4
332586.0,566187.0,5
385561.0,718324.0,10
849681.0,125345.0,7
412541.0,806622.0,10
863859.0,546898.0,6
776000.0,780347.0,0
682420.0,846881.0,1
850200.0,164752.0,7
265125.0,820661.0,13
609344.0,448128.0,3
367806.0,123963.0,9
168284.0,309036.0,11
820455.0,729132.0,0
322140.0,165212.0,9
824013.0,753991.0,0
620438.0,511694.0,8
829379.0,718721.0,0
401407.0,759648.0,10
798612.0,326404.0,12
244799.0,841688.0,13
691600.0,397893.0,3
624310.0,398408.0,3
508989.0,168995.0,4
813319.0,737376.0,0
705929.0,851313.0,1
566609.0,537592.0,8
645677.0,814395.0,1
510496.0,174308.0,4
822533.0,758955.0,0
792179.0,148539.0,7
779956.0,271501.0,12
818251.0,731938.0,0
431117.0,394746.0,14
204854.0,810013.0,13
367864.0,442851.0,14
668519.0,860048.0,1
908409.0,591215.0,6
865084.0,713697.0,0
680592.0,858526.0,1
607665.0,447516.0,3
800152.0,576217.0,6
656642.0,407213.0,3
226433.0,837646.0,13
649345.0,864613.0,1
95071.0,503965.0,2
103153.0,601002.0,2
860151.0,543055.0,6
620975.0,564344.0,8
238260.0,882489.0,13
683580.0,872374.0,1
140962.0,518168.0,2
406739.0,400918.0,14
802089.0,313456.0,12
222704.0,824909.0,13
830226.0,483466.0,6
448231.0,384406.0,14
591831.0,438997.0,3
496069.0,102201.0,4
473093.0,188791.0,4
241473.0,860854.0,13
332562.0,174699.0,9
850533.0,160136.0,7
332853.0,168141.0,9
256316.0,818886.0,13
392258.0,405478.0,14
407334.0,445969.0,14
113259.0,568684.0,2
326251.0,549298.0,5
402031.0,426039.0,14
846090.0,651306.0,0
274070.0,798617.0,13
380749.0,403860.0,14
621726.0,578003.0,8
271395.0,862063.0,13
825596.0,639465.0,0
822616.0,735941.0,0
828297.0,715480.0,0
209264.0,836661.0,13
110479.0,594587.0,2
765283.0,249459.0,12
804925.0,735492.0,0
602013.0,574722.0,8
155430.0,549012.0,2
401854.0,402867.0,14
400548.0,402390.0,14
850787.0,125678.0,7
291170.0,110147.0,9
867125.0,168762.0,7
640210.0,902029.0,1
839121.0,736259.0,0
392728.0,411341.0,14
258975.0,837353.0,13
864374.0,150149.0,7
649968.0,371445.0,3
864053.0,139325.0,7
803959.0,315173.0,12
811971.0,664520.0,0
244260.0,847060.0,13
368200.0,364844.0,14
242519.0,845811.0,13
166904.0,503121.0,2
609286.0,586782.0,8
403852.0,792473.0,10
171277.0,361020.0,11
510739.0,121103.0,4
514934.0,219169.0,4
593879.0,444161.0,3
235022.0,911236.0,13
852267.0,498220.0,6
394022.0,803914.0,10
383197.0,409869.0,14
838129.0,404012.0,12
809259.0,345634.0,12
265815.0,540385.0,5
394846.0,407130.0,14
166654.0,350678.0,11
291973.0,127483.0,9
574989.0,407228.0,3
787644.0,297715.0,12
384467.0,407359.0,14
611547.0,411952.0,3
674931.0,870112.0,1
795254.0,296488.0,12
336085.0,170252.0,9
342963.0,582232.0,5
536623.0,213083.0,4
339115.0,566863.0,5
457338.0,789952.0,10
401923.0,417123.0,14
817269.0,733788.0,0
459230.0,803720.0,10
611315.0,560757.0,8
362753.0,369848.0,14
159496.0,331641.0,11
375353.0,117180.0,9
442260.0,754050.0,10
803780.0,334441.0,12
201080.0,823689.0,13
635690.0,608046.0,8
879500.0,590791.0,6
361814.0,411086.0,14
614497.0,830844.0,1
800304.0,163436.0,7
856349.0,158150.0,7
508144.0,167733.0,4
799001.0,302014.0,12
428513.0,456990.0,14
803464.0,329093.0,12
401313.0,405195.0,14
291723.0,177824.0,9
650859.0,460072.0,20
451670.0,388347.0,14
220224.0,592068.0,2
412851.0,774986.0,10
895623.0,178393.0,7
133094.0,557996.0,2
182093.0,321311.0,11
509956.0,141698.0,4
384225.0,784381.0,10
108232.0,373112.0,11
651576.0,865180.0,1
433100.0,134861.0,4
680828.0,839011.0,1
865170.0,173755.0,7
605100.0,573307.0,8
489062.0,200329.0,4
173188.0,355248.0,11
535564.0,177248.0,4
357923.0,192120.0,9
628131.0,406850.0,3
820707.0,705318.0,0
251032.0,876118.0,13
139636.0,565984.0,2
327608.0,177638.0,9
324440.0,567074.0,5
308555.0,134011.0,9
152957.0,321354.0,11
145867.0,363616.0,11
615665.0,405490.0,3
626224.0,569687.0,8
568570.0,579335.0,8
676962.0,897430.0,1
803370.0,318247.0,12
544539.0,180391.0,4
316395.0,537403.0,5
801782.0,318281.0,12
509285.0,174620.0,4
174656.0,393278.0,11
823108.0,733302.0,0
496006.0,191010.0,4
150009.0,371014.0,11
387631.0,749416.0,10
802674.0,727804.0,0
109090.0,326101.0,11
579564.0,428498.0,3
340066.0,152500.0,9
817018.0,729596.0,0
169628.0,365003.0,11
169966.0,368623.0,11
422261.0,374345.0,14
400727.0,396769.0,14
141718.0,549576.0,2
875990.0,133950.0,7
308044.0,164482.0,9
806626.0,318966.0,12
228715.0,837572.0,13
399997.0,411205.0,14
538994.0,179328.0,4
334549.0,579199.0,5
208494.0,850615.0,13
605310.0,394011.0,3
418996.0,389541.0,14
874672.0,104851.0,7
883981.0,607581.0,6
417016.0,774869.0,10
688098.0,908495.0,1
813173.0,354777.0,12
328775.0,156501.0,9
795571.0,310093.0,12
210597.0,589836.0,2
638783.0,399478.0,3
430167.0,811490.0,10
369490.0,164369.0,9
559076.0,190770.0,4
407626.0,771304.0,10
352520.0,566829.0,5
832154.0,559403.0,6
370259.0,585265.0,5
793791.0,581315.0,6
457561.0,788245.0,10
294053.0,878220.0,13
629000.0,417990.0,3
182499.0,310438.0,11
572244.0,349463.0,3
183478.0,851724.0,13
152658.0,569277.0,2
511030.0,221292.0,4
397764.0,406712.0,14
245602.0,857160.0,13
856924.0,169071.0,7
133795.0,360518.0,11
316820.0,150304.0,9
805390.0,319676.0,12
298214.0,820903.0,13
840462.0,402858.0,12
188480.0,870646.0,13
416019.0,787562.0,10
860563.0,534839.0,6
665845.0,557965.0,8
139146.0,569516.0,2
138122.0,557230.0,2
153607.0,379395.0,11
623989.0,368662.0,3
338717.0,181582.0,9
235337.0,831592.0,13
600007.0,377908.0,3
401411.0,414503.0,14
639463.0,847461.0,1
173576.0,507309.0,2
717187.0,883275.0,1
148510.0,579793.0,2
188093.0,324040.0,11
310824.0,144943.0,9
837032.0,509264.0,6
859707.0,202806.0,7
805977.0,320805.0,12
838978.0,622330.0,22
486224.0,196184.0,4
415993.0,776671.0,10
324093.0,580491.0,5
854979.0,539793.0,6
826499.0,142732.0,7
620685.0,880813.0,1
389279.0,424006.0,14
919544.0,541255.0,6
898976.0,198452.0,7
679054.0,898217.0,1
861656.0,545794.0,6
888697.0,143969.0,7
817395.0,734126.0,0
113099.0,546732.0,2
612936.0,398723.0,3
669748.0,863109.0,1
333787.0,189423.0,9
672266.0,862875.0,1
417996.0,408162.0,14
186082.0,330058.0,11
838276.0,395673.0,12
336845.0,172750.0,9
820947.0,730529.0,0
683252.0,858182.0,1
289423.0,559134.0,5
819670.0,183364.0,7
647103.0,573853.0,8
619332.0,401992.0,3
800694.0,316789.0,12
110948.0,539533.0,2
624328.0,392133.0,3
680969.0,838864.0,1
377975.0,461076.0,14
870247.0,121460.0,7
597077.0,568196.0,8
822078.0,711840.0,0
852423.0,159874.0,7
424782.0,449687.0,14
828038.0,149181.0,7
570266.0,188032.0,4
838036.0,749612.0,0
437870.0,375761.0,14
521152.0,152439.0,4
835831.0,555864.0,6
816852.0,352965.0,12
264565.0,859237.0,13
866851.0,129505.0,7
517750.0,199025.0,4
297731.0,175876.0,9
509223.0,177592.0,4
545240.0,221008.0,4
67867.0,545392.0,2
840270.0,725456.0,0
589112.0,536573.0,8
363304.0,553764.0,5
221122.0,832810.0,13
151164.0,332239.0,11
871689.0,155981.0,7
824322.0,744720.0,0
166323.0,352927.0,11
845802.0,172285.0,7
276741.0,143844.0,9
808777.0,512952.0,6
353951.0,133923.0,9
818739.0,545052.0,6
613682.0,399434.0,3
630067.0,372798.0,3
844662.0,654835.0,0
481083.0,151953.0,4
880833.0,537039.0,6
788005.0,292268.0,12
873672.0,734440.0,0
672474.0,868765.0,1
402267.0,410395.0,14
213558.0,873714.0,13
814045.0,332998.0,12
215976.0,836025.0,13
283786.0,133973.0,9
294653.0,104623.0,9
677404.0,883871.0,1
619628.0,399433.0,3
561725.0,168220.0,4
868317.0,177001.0,7
675858.0,410545.0,3
693265.0,388552.0,3
517882.0,175467.0,4
97430.0,598804.0,2
674151.0,853540.0,1
239495.0,163949.0,9
224681.0,858432.0,13
811913.0,325091.0,12
850959.0,157920.0,7
850538.0,160159.0,7
798308.0,312788.0,12
614917.0,600946.0,8
371779.0,814715.0,10
793019.0,764859.0,0
788351.0,737539.0,0
113321.0,606322.0,2
277860.0,111893.0,9
308616.0,811021.0,13
274685.0,883097.0,13
829673.0,730398.0,0
821079.0,800206.0,0
643965.0,366316.0,3
840357.0,169437.0,7
783116.0,265635.0,12
371052.0,147369.0,9
348815.0,150017.0,9
153583.0,352282.0,11
895680.0,609341.0,6
621537.0,390372.0,3
679799.0,858680.0,1
398478.0,822297.0,10
559809.0,162597.0,4
619637.0,395224.0,3
326043.0,553772.0,5
515450.0,173220.0,4
407504.0,803363.0,10
425796.0,795608.0,10
883929.0,121705.0,7
841762.0,777572.0,0
331862.0,169092.0,9
224694.0,848663.0,13
658219.0,436184.0,3
603855.0,575180.0,8
340966.0,420480.0,14
404220.0,785798.0,10
807913.0,737341.0,0
617493.0,379303.0,3
674121.0,858589.0,1
598053.0,438963.0,3
489378.0,172861.0,4
869991.0,705259.0,0
130582.0,565948.0,2
177246.0,571940.0,2
268289.0,878265.0,13
415222.0,434798.0,14
519421.0,154681.0,4
336787.0,538925.0,5
353979.0,578923.0,5
537174.0,194410.0,4
808717.0,335740.0,12
538228.0,168834.0,4
873474.0,159567.0,7
378347.0,144880.0,9
238308.0,790723.0,13
343247.0,564376.0,5
182050.0,424341.0,11
620330.0,396776.0,3
669713.0,851017.0,1
684739.0,884934.0,1
801102.0,759330.0,0
891515.0,520429.0,6
414377.0,771258.0,10
854654.0,549222.0,6
161387.0,343617.0,11
111855.0,531542.0,2
827672.0,545966.0,6
610676.0,449688.0,3
519962.0,175210.0,4
381863.0,416651.0,14
365223.0,422531.0,14
94382.0,320888.0,11
611875.0,422910.0,3
130657.0,555545.0,2
546565.0,151576.0,4
529931.0,180136.0,4
179811.0,342089.0,11
142886.0,556511.0,2
603566.0,410391.0,3
179189.0,536028.0,2
103192.0,550021.0,2
430747.0,776261.0,10
796375.0,309563.0,12
676220.0,858214.0,1
846324.0,557586.0,6
834996.0,728517.0,0
801313.0,300606.0,12
669409.0,415893.0,3
338570.0,192256.0,9
248210.0,886338.0,13
869718.0,536928.0,6
245707.0,844466.0,13
159472.0,372246.0,11
889260.0,541423.0,6
541006.0,175198.0,4
800133.0,327081.0,12
420489.0,448078.0,14
148385.0,538149.0,2
474368.0,812039.0,10
369044.0,371649.0,14
130157.0,581286.0,2
330750.0,561657.0,5
658735.0,399039.0,3
680506.0,840053.0,1
160369.0,353500.0,11
817640.0,730018.0,0
819256.0,201704.0,7
188909.0,341194.0,11
822474.0,780882.0,0
437116.0,148591.0,4
808062.0,337340.0,12
137787.0,566189.0,2
849537.0,157510.0,7
335476.0,183897.0,9
869960.0,562146.0,6
327734.0,163585.0,9
430779.0,770145.0,10
595193.0,576508.0,8
610722.0,418243.0,3
125840.0,520239.0,2
357467.0,797530.0,10
596179.0,529556.0,8
885828.0,586348.0,6
804013.0,316083.0,12
764997.0,249477.0,12
803405.0,317316.0,12
614279.0,599251.0,8
410336.0,767856.0,10
631316.0,837043.0,1
388873.0,746909.0,10
842786.0,614034.0,22
561110.0,219865.0,4
470047.0,410943.0,14
358384.0,556361.0,5
897131.0,604582.0,6
319829.0,168353.0,9
449683.0,388863.0,14
647968.0,877873.0,1
864721.0,548447.0,6
871556.0,194747.0,7
597551.0,556737.0,8
418636.0,440000.0,14
198823.0,538624.0,2
810253.0,323873.0,12
620818.0,396967.0,3
709303.0,897538.0,1
258528.0,856273.0,13
814732.0,734183.0,0
546632.0,599204.0,8
797313.0,317527.0,12
880545.0,506175.0,6
392162.0,355397.0,14
523036.0,123677.0,4
491614.0,778997.0,10
518675.0,175686.0,4
845798.0,213118.0,7
642881.0,403147.0,3
618446.0,372298.0,3
904450.0,533427.0,6
803375.0,311620.0,12
288068.0,561932.0,5
159120.0,340829.0,11
127940.0,590467.0,2
601900.0,569391.0,8
455460.0,153040.0,4
862642.0,159379.0,7
315963.0,174031.0,9
380236.0,460907.0,14
843344.0,604964.0,22
824624.0,381716.0,12
676360.0,866112.0,1
789833.0,304422.0,12
659297.0,373975.0,3
702654.0,841548.0,1
619924.0,406713.0,3
608711.0,373665.0,3
252586.0,806474.0,13
348177.0,179526.0,9
838764.0,652792.0,0
691716.0,873426.0,1
139641.0,557503.0,2
850790.0,525740.0,6
857309.0,139276.0,7
266111.0,813259.0,13
885963.0,528959.0,6
393402.0,401018.0,14
841289.0,701474.0,0
873984.0,580836.0,6
412388.0,784064.0,10
710082.0,881600.0,1
572029.0,518313.0,8
674496.0,870664.0,1
860951.0,162251.0,7
783491.0,288029.0,12
241005.0,825301.0,13
622636.0,456843.0,3
312275.0,145173.0,9
610505.0,851476.0,1
650157.0,402991.0,3
506361.0,225237.0,4
281971.0,825246.0,13
820253.0,714625.0,0
610980.0,522819.0,8
324518.0,167369.0,9
396517.0,394572.0,14
674265.0,861435.0,1
242443.0,851797.0,13
600202.0,622079.0,8
436034.0,385951.0,14
868493.0,677155.0,0
810467.0,706465.0,0
626334.0,852383.0,1
879722.0,550246.0,6
566666.0,195255.0,4
824140.0,729074.0,0
823250.0,732088.0,0
265299.0,859533.0,13
730383.0,879136.0,1
256082.0,831969.0,13
606558.0,458285.0,3
468350.0,395883.0,14
575116.0,345564.0,3
798056.0,714380.0,0
589180.0,595099.0,8
198251.0,335402.0,11
86243.0,559135.0,2
416926.0,785113.0,10
400538.0,407020.0,14
615325.0,383841.0,3
773023.0,251826.0,12
480876.0,160465.0,4
846216.0,528037.0,6
346358.0,384801.0,14
621560.0,397789.0,3
783666.0,262902.0,12
689948.0,850548.0,1
617399.0,392653.0,3
338583.0,563529.0,5
174057.0,358906.0,11
567188.0,560044.0,8
856991.0,546255.0,6
140047.0,540043.0,2
261896.0,897475.0,13
356246.0,549756.0,5
578496.0,631434.0,8
800041.0,318331.0,12
540364.0,163758.0,4
801145.0,317601.0,12
502500.0,176532.0,4
832086.0,716249.0,0
118137.0,579149.0,2
913298.0,162009.0,7
662154.0,385013.0,3
288954.0,846991.0,13
565483.0,551512.0,8
836647.0,167267.0,7
398498.0,776720.0,10
280519.0,165350.0,9
814540.0,707227.0,0
618600.0,551446.0,8
243331.0,844022.0,13
506812.0,167031.0,4
225846.0,874086.0,13
618157.0,384990.0,3
334785.0,565575.0,5
874312.0,574582.0,6
321775.0,164846.0,9
468229.0,827985.0,10
801586.0,318947.0,12
229970.0,878786.0,13
267799.0,847911.0,13
618113.0,400002.0,3
347638.0,429109.0,14
862785.0,579661.0,6
512051.0,145220.0,4
352220.0,602793.0,5
107124.0,325984.0,11
846752.0,613846.0,22
407694.0,718592.0,10
821906.0,732848.0,0
699124.0,824089.0,1
432892.0,815223.0,10
823065.0,733789.0,0
551798.0,221411.0,4
386436.0,791388.0,10
312337.0,154488.0,9
411008.0,607342.0,5
463768.0,793154.0,10
331795.0,529654.0,5
338634.0,564414.0,5
282622.0,879222.0,13
341675.0,560197.0,5
844948.0,563321.0,6
119535.0,551857.0,2
98675.0,580608.0,2
642607.0,374702.0,3
352874.0,807952.0,10
419700.0,793447.0,10
243951.0,865415.0,13
416775.0,806826.0,10
678856.0,850293.0,1
549147.0,171454.0,4
537514.0,179689.0,4
612485.0,518009.0,8
227138.0,824372.0,13
331667.0,570387.0,5
137699.0,556769.0,2
824098.0,714042.0,0
837017.0,154170.0,7
373684.0,418326.0,14
816390.0,711340.0,0
520878.0,209094.0,4
681053.0,892766.0,1
158201.0,315944.0,11
685785.0,409913.0,3
236987.0,881080.0,13
316257.0,171544.0,9
608768.0,610525.0,8
508789.0,174256.0,4
783999.0,732487.0,0
797569.0,321799.0,12
560393.0,389490.0,3
878859.0,540155.0,6
842576.0,153072.0,7
308748.0,199866.0,9
136967.0,565662.0,2
594112.0,399331.0,3
404420.0,577532.0,5
667131.0,849230.0,1
847904.0,574114.0,6
840886.0,397888.0,12
142767.0,538646.0,2
636628.0,533309.0,8
878184.0,487392.0,6
845120.0,549830.0,6
76661.0,531044.0,18
464672.0,193513.0,4
198197.0,344933.0,11
589994.0,610890.0,8
376660.0,815936.0,10
895723.0,126593.0,7
610666.0,551701.0,8
224676.0,859348.0,13
707894.0,904500.0,1
422198.0,724557.0,10
670119.0,859029.0,1
541435.0,206637.0,4
412028.0,773494.0,10
617178.0,414525.0,3
569197.0,559307.0,8
904133.0,534915.0,6
399858.0,403574.0,14
659191.0,459637.0,20
608601.0,418450.0,3
674433.0,860605.0,1
590500.0,418472.0,3
489182.0,773934.0,10
618676.0,377015.0,3
185966.0,359964.0,11
237120.0,856814.0,13
631633.0,337973.0,3
859177.0,143273.0,7
499643.0,171625.0,4
491792.0,214464.0,4
198892.0,322470.0,11
890223.0,556874.0,6
392534.0,593343.0,5
513957.0,139202.0,4
102983.0,382712.0,11
219686.0,859997.0,13
849599.0,157084.0,7
399460.0,399410.0,14
159271.0,568953.0,2
795299.0,312036.0,12
820258.0,351165.0,12
405986.0,787439.0,10
141771.0,551655.0,2
817119.0,336333.0,12
591051.0,389443.0,3
442931.0,430123.0,14
155274.0,552551.0,2
672800.0,874378.0,1
94249.0,600812.0,2
433463.0,410297.0,14
234091.0,876039.0,13
603388.0,403039.0,3
308066.0,145825.0,9
328438.0,532686.0,5
318738.0,182134.0,9
814108.0,344096.0,12
304086.0,576100.0,5
418155.0,819422.0,10
393758.0,750953.0,10
406233.0,813072.0,10
673196.0,812941.0,1
155508.0,372355.0,11
672059.0,860501.0,1
731712.0,878998.0,1
823676.0,152154.0,7
819439.0,735945.0,0
803057.0,331037.0,12
497815.0,165151.0,4
261796.0,819395.0,13
400008.0,789447.0,10
506012.0,178372.0,4
322841.0,169735.0,9
177241.0,292639.0,11
467697.0,168082.0,4
149758.0,564768.0,2
656658.0,854609.0,1
332913.0,385678.0,14
320718.0,158610.0,9
813124.0,157130.0,7
486422.0,178919.0,4
190634.0,357254.0,11
812295.0,728049.0,0
165945.0,345849.0,11
658103.0,572250.0,8
450030.0,169537.0,4
408689.0,562521.0,5
156977.0,424622.0,11
623137.0,408209.0,3
386373.0,606623.0,5
237689.0,839510.0,13
247210.0,859012.0,13
813645.0,328765.0,12
537836.0,177165.0,4
327738.0,559624.0,5
611581.0,572630.0,8
839445.0,149778.0,7
132705.0,557674.0,2
193275.0,538687.0,2
578113.0,395458.0,3
799275.0,324108.0,12
798472.0,322218.0,12
601967.0,604428.0,8
365927.0,571713.0,5
250359.0,849451.0,13
258135.0,880184.0,13
861033.0,507671.0,6
186503.0,369651.0,11
139212.0,557713.0,2
614683.0,367259.0,3
597026.0,642918.0,8
375573.0,809249.0,10
139911.0,561185.0,2
657455.0,567754.0,8
790712.0,745884.0,0
357275.0,551101.0,5
241849.0,815141.0,13
229567.0,855332.0,13
336336.0,563145.0,5
807696.0,320548.0,12
168886.0,353913.0,11
310693.0,154278.0,9
471930.0,844046.0,10
604554.0,393193.0,3
825716.0,373098.0,12
402566.0,415798.0,14
820083.0,728310.0,0
494574.0,198972.0,4
334529.0,166765.0,9
137657.0,611252.0,2
672818.0,881943.0,1
585255.0,415823.0,3
481133.0,781413.0,10
770113.0,241615.0,12
129550.0,560106.0,2
884966.0,133900.0,7
656834.0,885944.0,1
260096.0,530550.0,5
870630.0,516603.0,6
414860.0,773921.0,10
800872.0,672603.0,0
294832.0,124284.0,9
796353.0,710294.0,0
358793.0,547046.0,5
321905.0,573147.0,5
125715.0,302114.0,11
162975.0,335389.0,11
836874.0,555991.0,6
368166.0,429422.0,14
854769.0,713941.0,0
806320.0,315242.0,12
351352.0,362910.0,14
822670.0,689090.0,0
844066.0,546029.0,6
261622.0,869706.0,13
650720.0,817440.0,1
139052.0,610320.0,2
892877.0,544283.0,6
352381.0,592377.0,5
441950.0,785934.0,10
184570.0,360446.0,11
819438.0,662327.0,0
585195.0,555011.0,8
290958.0,168323.0,9
502302.0,210265.0,4
803457.0,735855.0,0
235041.0,823732.0,13
392428.0,402295.0,14
318215.0,180010.0,9
828001.0,524067.0,6
340996.0,170964.0,9
572417.0,403906.0,3
465734.0,114090.0,4
794265.0,594573.0,6
613191.0,571942.0,8
849343.0,713993.0,0
668839.0,882598.0,1
176602.0,574552.0,2
391555.0,789079.0,10
832589.0,782799.0,0
818079.0,108536.0,7
383894.0,179880.0,9
149269.0,341445.0,11
808644.0,326320.0,12
338205.0,566246.0,5
634800.0,823669.0,1
107972.0,601191.0,2
852687.0,540692.0,6
657981.0,866945.0,1
608195.0,447380.0,3
813791.0,334609.0,12
630904.0,404643.0,3
172662.0,388185.0,11
631365.0,450732.0,3
471328.0,176297.0,4
320000.0,162605.0,9
846936.0,161313.0,7
800677.0,310656.0,12
142563.0,560090.0,2
851866.0,156896.0,7
612184.0,570393.0,8
397158.0,370362.0,14
694308.0,904062.0,1
619339.0,401624.0,3
469782.0,780552.0,10
359352.0,162962.0,9
130249.0,579307.0,2
164915.0,350360.0,11
669288.0,860515.0,1
559078.0,570088.0,8
593865.0,572987.0,8
180633.0,570302.0,2
202547.0,601240.0,2
138349.0,554238.0,2
155943.0,576199.0,2
840059.0,534876.0,6
685551.0,798742.0,1
871597.0,185239.0,7
158366.0,537970.0,2
195000.0,354829.0,11
321924.0,527106.0,5
887269.0,166179.0,7
241972.0,840749.0,13
241381.0,844402.0,13
271123.0,163465.0,9
493714.0,173387.0,4
340545.0,568654.0,5
586242.0,396484.0,3
803448.0,314797.0,12
354746.0,552404.0,5
401162.0,412142.0,14
831024.0,505776.0,6
790395.0,300024.0,12
616561.0,619007.0,8
396540.0,815936.0,10
395246.0,392783.0,14
229857.0,843917.0,13
129997.0,568115.0,2
571043.0,347389.0,3
298665.0,568245.0,5
434717.0,808225.0,10
838142.0,156770.0,7
509554.0,186931.0,4
687325.0,883004.0,1
860230.0,528054.0,6
128953.0,304971.0,11
120357.0,560737.0,2
359772.0,568428.0,5
842824.0,177832.0,7
688118.0,911574.0,1
846575.0,159002.0,7
166584.0,349245.0,11
632390.0,363198.0,3
565829.0,395454.0,3
866051.0,172932.0,7
411606.0,137378.0,21
870337.0,534303.0,6
474135.0,199330.0,4
232331.0,872896.0,13
326627.0,534442.0,5
415394.0,396940.0,14
270233.0,195701.0,9
225786.0,529417.0,2
169121.0,347594.0,11
419151.0,577335.0,5
198493.0,326704.0,11
175169.0,349454.0,11
610698.0,396326.0,3
339393.0,209145.0,9
173908.0,362098.0,11
360945.0,167952.0,9
875625.0,599766.0,6
888919.0,535805.0,6
331616.0,565089.0,5
684558.0,878573.0,1
363437.0,77975.0,24
144620.0,575370.0,2
837457.0,518745.0,6
389392.0,730768.0,10
532010.0,176195.0,4
154167.0,353183.0,11
389520.0,406500.0,14
477746.0,163845.0,4
355924.0,577596.0,5
144401.0,565666.0,2
846841.0,533595.0,6
483807.0,198925.0,4
625416.0,868848.0,1
680381.0,823757.0,1
685124.0,873363.0,1
158596.0,562634.0,2
207217.0,878249.0,13
549384.0,208450.0,4
797834.0,297329.0,12
401616.0,404245.0,14
883375.0,158482.0,7
866987.0,154415.0,7
605850.0,533310.0,8
684602.0,823981.0,1
247892.0,115217.0,17
837582.0,763266.0,0
505293.0,194591.0,4
802537.0,312497.0,12
396150.0,430329.0,14
204597.0,863162.0,13
575022.0,213534.0,4
460198.0,402706.0,14
209922.0,850026.0,13
302266.0,185591.0,9
576987.0,392508.0,3
816393.0,185056.0,7
233931.0,838374.0,13
87236.0,607429.0,2
246453.0,883061.0,13
347492.0,153416.0,9
377858.0,811790.0,10
601444.0,572693.0,8
353991.0,193997.0,9
816840.0,539239.0,6
877298.0,565604.0,6
387103.0,401925.0,14
629533.0,537542.0,8
394761.0,461494.0,14
811391.0,343836.0,12
398724.0,404179.0,14
804691.0,332987.0,12
789356.0,159383.0,7
832621.0,150748.0,7
490271.0,216725.0,4
726847.0,875488.0,1
842616.0,515205.0,6
102221.0,374657.0,11
239344.0,814789.0,13
786495.0,759000.0,0
659193.0,384523.0,3
616044.0,533807.0,8
443447.0,783977.0,10
399634.0,751940.0,10
617330.0,369828.0,3
860870.0,546516.0,6
822623.0,745025.0,0
709254.0,847444.0,1
591955.0,378142.0,3
258779.0,106777.0,17
576965.0,187481.0,4
601644.0,436831.0,3
415881.0,584352.0,5
248427.0,146381.0,9
800258.0,733812.0,0
321519.0,561045.0,5
519680.0,208378.0,4
824822.0,367091.0,12
473727.0,807244.0,10
170837.0,353968.0,11
818542.0,740451.0,0
623433.0,400160.0,3
877413.0,541536.0,6
164847.0,287064.0,11
820238.0,732928.0,0
177728.0,352687.0,11
603193.0,371867.0,3
871544.0,592403.0,6
474648.0,778810.0,10
230107.0,858332.0,13
253655.0,821946.0,13
683098.0,847245.0,1
869288.0,168662.0,7
430138.0,818594.0,10
335003.0,151395.0,9
802184.0,751958.0,0
830445.0,186055.0,7
230049.0,865536.0,13
437035.0,755506.0,10
851840.0,110475.0,7
350480.0,214608.0,9
825080.0,746712.0,0
613921.0,394043.0,3
470314.0,178936.0,4
148915.0,338914.0,11
378697.0,591764.0,5
174438.0,319075.0,11
606324.0,544357.0,8
415233.0,441297.0,14
533799.0,564377.0,8
490956.0,124550.0,4
328657.0,564864.0,5
884750.0,154317.0,7
230399.0,842538.0,13
402309.0,786873.0,10
337811.0,558454.0,5
626811.0,372435.0,3
512900.0,219252.0,4
605284.0,556134.0,8
595014.0,632844.0,8
169337.0,348605.0,11
159302.0,337993.0,11
874643.0,729921.0,0
679747.0,860939.0,1
579773.0,568698.0,8
351815.0,574947.0,5
838515.0,768484.0,0
421187.0,779726.0,10
130201.0,562734.0,2
629377.0,853726.0,1
94571.0,528963.0,2
786935.0,732999.0,0
499676.0,196897.0,4
514408.0,173338.0,4
350798.0,535657.0,5
856437.0,532452.0,6
856552.0,545271.0,6
841928.0,398948.0,12
700341.0,869730.0,1
206660.0,575002.0,2
418621.0,840463.0,10
736557.0,897961.0,1
304399.0,545221.0,5
853279.0,560714.0,6
456799.0,844976.0,10
380202.0,396671.0,14
636291.0,360636.0,3
211584.0,591058.0,2
893106.0,176595.0,7
795124.0,696429.0,0
447833.0,819282.0,10
809550.0,327365.0,12
857648.0,511640.0,6
179326.0,321160.0,11
183610.0,321788.0,11
333805.0,148479.0,9
520952.0,169184.0,4
330533.0,214555.0,9
501334.0,163002.0,4
800461.0,326821.0,12
613719.0,382828.0,3
870826.0,524625.0,6
437483.0,785130.0,10
637594.0,420311.0,3
197735.0,355477.0,11
617310.0,551945.0,8
206519.0,355629.0,11
342901.0,582886.0,5
414317.0,828815.0,10
165573.0,305517.0,11
189029.0,366740.0,11
453154.0,776082.0,10
831165.0,783383.0,0
367641.0,556309.0,5
805089.0,96540.0,23
838587.0,700545.0,0
680646.0,375662.0,3
629725.0,405117.0,3
482628.0,171320.0,4
616060.0,590779.0,8
803540.0,754792.0,0
616926.0,398697.0,3
381617.0,157000.0,9
302583.0,571881.0,5
642157.0,345545.0,3
682100.0,853708.0,1
848976.0,558706.0,6
203667.0,577260.0,2
385804.0,393101.0,14
307616.0,207295.0,9
376444.0,371957.0,14
855233.0,141357.0,7
673953.0,835926.0,1
408428.0,771823.0,10
491382.0,122267.0,4
348773.0,583528.0,5
874239.0,594786.0,6
165607.0,362883.0,11
417231.0,381303.0,14
167262.0,399527.0,11
869369.0,536868.0,6
372230.0,412488.0,14
335201.0,585318.0,5
865081.0,551012.0,6
218369.0,851387.0,13
683585.0,905984.0,1
876782.0,536438.0,6
108651.0,521409.0,2
805035.0,317469.0,12
319927.0,524637.0,5
824835.0,704997.0,0
125675.0,360158.0,11
123441.0,594415.0,2
338863.0,563107.0,5
236431.0,844100.0,13
336829.0,562228.0,5
850904.0,720163.0,0
916704.0,609548.0,6
496130.0,178113.0,4
401708.0,409924.0,14
373339.0,398565.0,14
382693.0,749680.0,10
257984.0,555707.0,5
861927.0,562723.0,6
501416.0,172980.0,4
357737.0,597104.0,5
306346.0,523584.0,5
267521.0,119941.0,9
429653.0,438596.0,14
206561.0,574789.0,2
412453.0,784453.0,10
693783.0,860206.0,1
521006.0,163218.0,4
810903.0,332925.0,12
264274.0,813041.0,13
602667.0,575857.0,8
235901.0,856563.0,13
242247.0,864253.0,13
412677.0,786951.0,10
448519.0,805219.0,10
862571.0,550965.0,6
408500.0,393942.0,14
76253.0,529394.0,18
798904.0,324420.0,12
600582.0,599535.0,8
159654.0,381778.0,11
812634.0,554848.0,6
509773.0,148899.0,4
198415.0,321418.0,11
321309.0,569996.0,5
806131.0,312752.0,12
801634.0,318965.0,12
452398.0,378671.0,14
687043.0,806921.0,1
836727.0,737798.0,0
826192.0,172906.0,7
166973.0,341636.0,11
408714.0,391412.0,14
540029.0,563888.0,8
268518.0,181514.0,9
857818.0,534525.0,6
847644.0,164348.0,7
507959.0,166780.0,4
154268.0,542573.0,2
549642.0,157506.0,4
358483.0,554925.0,5
375971.0,427549.0,14
899052.0,526048.0,6
174410.0,372064.0,11
912649.0,498734.0,6
226949.0,889283.0,13
647354.0,579190.0,8
268938.0,211870.0,19
622101.0,371771.0,3
149760.0,577278.0,2
864059.0,545894.0,6
633304.0,366062.0,3
500801.0,185558.0,4
330767.0,552963.0,5
791983.0,298565.0,12
718088.0,852181.0,1
362027.0,150348.0,9
773955.0,239849.0,12
154620.0,576738.0,2
878157.0,210496.0,7
694451.0,863981.0,1
582057.0,543124.0,8
403751.0,385539.0,14
345674.0,579033.0,5
606548.0,574376.0,8
399346.0,423786.0,14
848108.0,161786.0,7
245118.0,811283.0,13
820194.0,734233.0,0
832238.0,725434.0,0
629369.0,398359.0,3
854037.0,528890.0,6
151701.0,574146.0,2
122360.0,357480.0,11
624452.0,584622.0,8
115363.0,305575.0,11
497254.0,171940.0,4
169069.0,348929.0,11
803369.0,698753.0,0
411526.0,784658.0,10
868979.0,528502.0,6
808440.0,729985.0,0
198908.0,372797.0,11
810277.0,520837.0,6
858934.0,162874.0,7
582389.0,428200.0,3
636769.0,854047.0,1
138884.0,529162.0,2
484395.0,107291.0,4
863706.0,491401.0,6
386415.0,801444.0,10
525967.0,565687.0,8
900991.0,497149.0,6
376493.0,366302.0,14
769386.0,259892.0,12
367751.0,578289.0,5
853562.0,531620.0,6
804354.0,309671.0,12
402109.0,430185.0,14
606738.0,601356.0,8
410601.0,410653.0,14
657811.0,885904.0,1
563182.0,367521.0,3
502511.0,205121.0,4
826789.0,377676.0,12
611508.0,503220.0,8
801539.0,318482.0,12
347406.0,155708.0,9
143363.0,551365.0,2
514981.0,172608.0,4
593317.0,534085.0,8
137451.0,555339.0,2
684537.0,843821.0,1
331440.0,551885.0,5
546031.0,570429.0,8
801667.0,318542.0,12
325360.0,134919.0,9
672797.0,843231.0,1
165284.0,425978.0,11
514219.0,167014.0,4
794260.0,129843.0,7
178869.0,370161.0,11
77109.0,512651.0,18
619318.0,361696.0,3
545365.0,210090.0,4
651506.0,856097.0,1
859515.0,505303.0,6
843833.0,170416.0,7
178319.0,318244.0,11
822722.0,553764.0,6
608923.0,385575.0,3
609532.0,388425.0,3
179830.0,547383.0,2
219321.0,848396.0,13
888714.0,205560.0,7
377408.0,395123.0,14
617296.0,386864.0,3
888111.0,525539.0,6
870139.0,566584.0,6
272394.0,837600.0,13
418410.0,795929.0,10
817410.0,346944.0,12
99569.0,523174.0,2
284031.0,566654.0,5
613868.0,585089.0,8
648590.0,917839.0,1
424145.0,743433.0,10
803701.0,321815.0,12
671976.0,864630.0,1
554938.0,347875.0,3
149906.0,546909.0,2
683941.0,915579.0,1
416855.0,794023.0,10
543616.0,144788.0,4
292636.0,520371.0,5
394599.0,409068.0,14
623498.0,399288.0,3
300726.0,862728.0,13
249253.0,856047.0,13
363932.0,228249.0,9
243511.0,830743.0,13
514722.0,190943.0,4
341925.0,569393.0,5
189752.0,865463.0,13
589164.0,386733.0,3
343217.0,153037.0,9
364455.0,436191.0,14
324442.0,567881.0,5
295311.0,115000.0,9
140612.0,350010.0,11
278929.0,842054.0,13
906772.0,510158.0,6
876863.0,176593.0,7
331175.0,551842.0,5
238524.0,842928.0,13
429515.0,393708.0,14
420509.0,788730.0,10
327022.0,161396.0,9
871723.0,685520.0,0
376613.0,159699.0,9
607905.0,403460.0,3
806176.0,320301.0,12
524397.0,239456.0,4
673028.0,860593.0,1
122296.0,566921.0,2
599612.0,859210.0,1
402367.0,782997.0,10
359740.0,379592.0,14
148080.0,544056.0,2
884613.0,507507.0,6
392140.0,769924.0,10
857126.0,548151.0,6
393828.0,404314.0,14
402677.0,412615.0,14
683656.0,842406.0,1
861027.0,546004.0,6
613545.0,574733.0,8
723397.0,859761.0,1
144228.0,344974.0,11
137680.0,555667.0,2
589344.0,563119.0,8
124132.0,340448.0,11
620939.0,385731.0,3
608687.0,374928.0,3
325883.0,560492.0,5
312421.0,170617.0,9
603126.0,497987.0,8
601619.0,825604.0,1
854753.0,190254.0,7
601599.0,388540.0,3
859419.0,546754.0,6
801903.0,312794.0,12
323329.0,93955.0,9
114311.0,601605.0,2
185696.0,338006.0,11
415895.0,775793.0,10
215243.0,289985.0,16
494698.0,176711.0,4
185919.0,363092.0,11
305333.0,171939.0,9
795489.0,287279.0,12
337298.0,565486.0,5
171461.0,348130.0,11
601187.0,531825.0,8
307300.0,836132.0,13
387330.0,409037.0,14
445674.0,768552.0,10
834173.0,386159.0,12
347966.0,563506.0,5
801055.0,321833.0,12
341329.0,565571.0,5
487952.0,168607.0,4
798981.0,311092.0,12
155899.0,561715.0,2
872247.0,494281.0,6
373191.0,88470.0,24
182239.0,333302.0,11
442915.0,420573.0,14
344237.0,573700.0,5
520880.0,200955.0,4
861023.0,545953.0,6
171318.0,373473.0,11
617447.0,366176.0,3
508797.0,176269.0,4
825997.0,730652.0,0
239505.0,885057.0,13
389713.0,772742.0,10
133744.0,308918.0,11
790612.0,738038.0,0
818932.0,728481.0,0
800394.0,301473.0,12
409616.0,575024.0,5
825141.0,535997.0,6
245532.0,846331.0,13
387165.0,404027.0,14
149092.0,352682.0,11
873380.0,495161.0,6
127134.0,379827.0,11
704570.0,845515.0,1
838609.0,140215.0,7
877510.0,555087.0,6
373917.0,427628.0,14
799667.0,316830.0,12
241413.0,845029.0,13
794956.0,309980.0,12
240846.0,841609.0,13
932662.0,537069.0,6
448865.0,836781.0,10
177665.0,557923.0,2
412861.0,434751.0,14
164875.0,349007.0,11
397137.0,742547.0,10
630491.0,379017.0,3
394436.0,450912.0,14
651828.0,468138.0,20
235084.0,818866.0,13
892423.0,530999.0,6
800582.0,316980.0,12
802738.0,312234.0,12
359520.0,132845.0,9
417023.0,771194.0,10
528679.0,199079.0,4
666315.0,872311.0,1
801588.0,319814.0,12
143879.0,536650.0,2
170816.0,547069.0,2
627452.0,835854.0,1
800966.0,317165.0,12
182618.0,346663.0,11
165881.0,364469.0,11
507311.0,177795.0,4
577773.0,434308.0,3
201753.0,569116.0,2
188985.0,367645.0,11
197463.0,378513.0,11
521032.0,177084.0,4
514739.0,189624.0,4
319838.0,170383.0,9
291561.0,845450.0,13
461701.0,188438.0,4
593490.0,623110.0,8
188424.0,849785.0,13
636807.0,424537.0,3
289176.0,571435.0,5
435067.0,403802.0,14
853348.0,525893.0,6
806827.0,324616.0,12
892382.0,513991.0,6
655237.0,871554.0,1
491609.0,180519.0,4
279008.0,521035.0,5
313783.0,177198.0,9
144570.0,573936.0,2
577167.0,617095.0,8
712262.0,856869.0,1
178235.0,346006.0,11
310529.0,141617.0,9
229280.0,813483.0,13
854338.0,135067.0,7
130883.0,557824.0,2
616329.0,529516.0,8
480571.0,204150.0,4
768565.0,762193.0,0
873136.0,513309.0,6
412109.0,735920.0,10
317217.0,163896.0,9
159392.0,351000.0,11
138073.0,556272.0,2
594010.0,570095.0,8
392185.0,713763.0,10
170788.0,373545.0,11
629891.0,414975.0,3
814280.0,344223.0,12
619427.0,396945.0,3
850577.0,157049.0,7
568546.0,564911.0,8
170425.0,316185.0,11
290210.0,818593.0,13
283784.0,178305.0,9
283017.0,850861.0,13
877125.0,161227.0,7
354601.0,358760.0,14
614615.0,574437.0,8
311093.0,169734.0,9
386377.0,574187.0,5
557378.0,567033.0,8
857363.0,154639.0,7
379593.0,380662.0,14
674905.0,876286.0,1
300366.0,565761.0,5
267212.0,158699.0,9
610199.0,394579.0,3
352424.0,557574.0,5
338044.0,233264.0,9
418618.0,811618.0,10
509951.0,176794.0,4
167716.0,562762.0,2
498389.0,178069.0,4
682510.0,905902.0,1
833499.0,504718.0,6
633601.0,861482.0,1
877711.0,703850.0,0
245928.0,867228.0,13
534461.0,178056.0,4
801177.0,737548.0,0
667249.0,417107.0,3
292931.0,125341.0,9
505512.0,203857.0,4
841654.0,764836.0,0
860473.0,545982.0,6
270404.0,183080.0,9
157181.0,346842.0,11
412615.0,403902.0,14
841967.0,150890.0,7
179609.0,408365.0,11
833437.0,556713.0,6
414249.0,796590.0,10
654147.0,407182.0,3
578804.0,573582.0,8
799021.0,326404.0,12
241687.0,844256.0,13
380458.0,329635.0,25
672876.0,844123.0,1
632546.0,389750.0,3
276600.0,823311.0,13
400305.0,466024.0,14
392447.0,408539.0,14
142663.0,556520.0,2
363208.0,238649.0,9
321556.0,163352.0,9
375619.0,553791.0,5
541455.0,223176.0,4
660333.0,393215.0,3
855593.0,161003.0,7
600114.0,413216.0,3
198712.0,303299.0,11
412767.0,593558.0,5
125351.0,529954.0,2
683413.0,861559.0,1
823455.0,747394.0,0
628715.0,434772.0,3
616281.0,845406.0,1
516888.0,152451.0,4
321344.0,166633.0,9
279010.0,181792.0,9
477323.0,384551.0,14
879902.0,518647.0,6
222445.0,891438.0,13
602873.0,527864.0,8
796283.0,315582.0,12
629789.0,426313.0,3
816056.0,542574.0,6
652233.0,886054.0,1
846594.0,522941.0,6
878690.0,739021.0,0
176092.0,531921.0,2
829623.0,732301.0,0
420476.0,750495.0,10
146070.0,316860.0,11
628696.0,542447.0,8
653177.0,819935.0,1
437958.0,784801.0,10
302353.0,545544.0,5
361370.0,552483.0,5
553038.0,606418.0,8
324032.0,577807.0,5
877906.0,722361.0,0
95899.0,530846.0,2
383992.0,398245.0,14
243941.0,843256.0,13
439793.0,740773.0,10
257856.0,846423.0,13
858587.0,150101.0,7
249616.0,144446.0,9
669430.0,905798.0,1
372883.0,222824.0,9
669638.0,842011.0,1
251866.0,864044.0,13
846257.0,145306.0,7
257134.0,845851.0,13
400468.0,405703.0,14
605891.0,428146.0,3
858058.0,196183.0,7
327695.0,543105.0,5
665965.0,449273.0,20
387951.0,813315.0,10
282430.0,560217.0,5
854909.0,149938.0,7
574369.0,207483.0,4
660327.0,585901.0,8
375233.0,399429.0,14
161345.0,350804.0,11
825070.0,734215.0,0
113068.0,317574.0,11
651216.0,815098.0,1
274321.0,219665.0,19
673826.0,880137.0,1
866560.0,165110.0,7
200251.0,306215.0,11
369418.0,733394.0,10
310591.0,841778.0,13
401730.0,354294.0,14
134695.0,350397.0,11
411674.0,402377.0,14
393570.0,579641.0,5
439048.0,403700.0,14
180519.0,368284.0,11
823618.0,734216.0,0
155479.0,345893.0,11
383022.0,409854.0,14
121650.0,599844.0,2
330881.0,579058.0,5
830065.0,739162.0,0
923120.0,170161.0,7
864991.0,159874.0,7
850057.0,157848.0,7
410506.0,395586.0,14
116860.0,550810.0,2
221126.0,837878.0,13
336023.0,416862.0,14
473361.0,185066.0,4
804429.0,312164.0,12
782368.0,759352.0,0
154964.0,554923.0,2
822883.0,728314.0,0
418046.0,358461.0,14
605927.0,572533.0,8
667620.0,855461.0,1
846622.0,553552.0,6
804251.0,331304.0,12
851517.0,541076.0,6
640000.0,863831.0,1
347079.0,803582.0,10
905005.0,164126.0,7
607911.0,576556.0,8
280110.0,522025.0,5
128669.0,574591.0,2
426115.0,814461.0,10
883537.0,210648.0,7
407460.0,791404.0,10
820367.0,732364.0,0
860375.0,544804.0,6
858057.0,542933.0,6
860863.0,546060.0,6
194956.0,372256.0,11
315850.0,573154.0,5
653024.0,367312.0,3
225356.0,318394.0,11
795836.0,291870.0,12
519201.0,139101.0,4
410969.0,770451.0,10
397669.0,792218.0,10
368363.0,409733.0,14
422961.0,821595.0,10
860606.0,152843.0,7
797162.0,306135.0,12
680677.0,868629.0,1
910435.0,171155.0,7
464634.0,173867.0,4
636500.0,587401.0,8
839757.0,190518.0,7
639418.0,537903.0,8
330482.0,571217.0,5
859679.0,541785.0,6
342400.0,426090.0,14
567565.0,573952.0,8
506142.0,170513.0,4
859185.0,553000.0,6
260943.0,889692.0,13
628655.0,321099.0,3
593840.0,578685.0,8
816615.0,770855.0,0
611318.0,581584.0,8
560362.0,567914.0,8
294492.0,832336.0,13
345903.0,561314.0,5
277055.0,860813.0,13
604157.0,574191.0,8
309501.0,166931.0,9
808686.0,332209.0,12
858151.0,548242.0,6
846646.0,548548.0,6
219864.0,842635.0,13
621629.0,397208.0,3
839280.0,539324.0,6
389868.0,410718.0,14
130683.0,363204.0,11
862062.0,545736.0,6
363956.0,609339.0,5
134725.0,537440.0,2
811748.0,766105.0,0
825395.0,715780.0,0
356739.0,417826.0,14
369480.0,377148.0,14
637323.0,549567.0,8
259973.0,862559.0,13
283571.0,109326.0,9
854412.0,725575.0,0
400598.0,790903.0,10
807420.0,168787.0,7
544056.0,577786.0,8
803577.0,712231.0,0
131109.0,568012.0,2
415631.0,805010.0,10
384572.0,388523.0,14
454160.0,102568.0,4
675013.0,876331.0,1
506815.0,173387.0,4
674472.0,860330.0,1
776131.0,248465.0,12
266980.0,825990.0,13
627679.0,395601.0,3
119386.0,620549.0,2
322101.0,164171.0,9
859703.0,156782.0,7
819541.0,117296.0,7
526802.0,551524.0,8
253129.0,154296.0,9
289087.0,565427.0,5
834165.0,140684.0,7
389410.0,788256.0,10
458538.0,786673.0,10
343997.0,585193.0,5
117959.0,536156.0,2
332201.0,181702.0,9
436951.0,814456.0,10
817862.0,732248.0,0
340064.0,550509.0,5
867801.0,548156.0,6
859492.0,572224.0,6
607604.0,573951.0,8
881217.0,172320.0,7
256512.0,837094.0,13
852410.0,187705.0,7
665426.0,853940.0,1
798243.0,324160.0,12
224789.0,866804.0,13
299772.0,828655.0,13
416039.0,730594.0,10
858537.0,548576.0,6
851010.0,157593.0,7
354767.0,417464.0,14
402071.0,427626.0,14
853093.0,586321.0,6
854374.0,550707.0,6
144325.0,538991.0,2
353939.0,570931.0,5
289531.0,145743.0,9
408712.0,803987.0,10
116492.0,509399.0,2
657184.0,855509.0,1
851644.0,721350.0,0
641976.0,577433.0,8
820904.0,351763.0,12
797111.0,302781.0,12
222356.0,840843.0,13
136606.0,562296.0,2
491145.0,206344.0,4
514622.0,206979.0,4
343851.0,193618.0,9
847097.0,176660.0,7
331381.0,162660.0,9
793669.0,724513.0,0
324952.0,565867.0,5
646671.0,857872.0,1
672598.0,856928.0,1
330455.0,568758.0,5
818622.0,370753.0,12
630205.0,338054.0,3
847812.0,114745.0,7
849248.0,164090.0,7
674961.0,865594.0,1
256487.0,868899.0,13
541220.0,177840.0,4
425019.0,759577.0,10
165476.0,377389.0,11
453261.0,148432.0,4
521153.0,242968.0,4
520819.0,181586.0,4
174672.0,345849.0,11
238084.0,844799.0,13
618406.0,404239.0,3
851568.0,114049.0,7
329859.0,564384.0,5
507473.0,227670.0,4
80673.0,566893.0,2
242415.0,844335.0,13
858834.0,149259.0,7
175586.0,365049.0,11
879104.0,595389.0,6
809779.0,663654.0,0
334182.0,558498.0,5
850219.0,110573.0,7
601339.0,571609.0,8
499272.0,168413.0,4
673646.0,857346.0,1
117212.0,565692.0,2
624415.0,515911.0,8
673140.0,864863.0,1
129453.0,321221.0,11
660459.0,860658.0,1
477155.0,161019.0,4
735295.0,814058.0,26
438437.0,730300.0,10
250198.0,825417.0,13
838239.0,576018.0,6
671404.0,857240.0,1
325861.0,203058.0,9
392576.0,406460.0,14
402666.0,814060.0,10
405350.0,762342.0,10
171471.0,576787.0,2
589244.0,573777.0,8
830620.0,117906.0,7
161475.0,587507.0,2
675382.0,836312.0,1
850607.0,565348.0,6
649987.0,408293.0,3
808489.0,317021.0,12
129332.0,360811.0,11
803031.0,325811.0,12
666135.0,430421.0,3
487472.0,166999.0,4
182840.0,584262.0,2
338342.0,566864.0,5
460684.0,371809.0,14
84501.0,604671.0,2
165158.0,343946.0,11
812231.0,739235.0,0
533566.0,214619.0,4
882097.0,161493.0,7
497406.0,125809.0,4
480787.0,147737.0,4
340383.0,600071.0,5
483776.0,213021.0,4
422776.0,808328.0,10
98525.0,579761.0,2
587478.0,424878.0,3
406337.0,750353.0,10
787988.0,741203.0,0
271205.0,817620.0,13
672212.0,860894.0,1
626539.0,394908.0,3
528826.0,154067.0,4
401478.0,785370.0,10
828276.0,762021.0,0
597428.0,569940.0,8
320821.0,165455.0,9
788166.0,702817.0,0
830583.0,710990.0,0
807409.0,325526.0,12
415564.0,784464.0,10
851462.0,526597.0,6
160835.0,347784.0,11
330145.0,546705.0,5
198583.0,860431.0,13
396710.0,378698.0,14
634973.0,450542.0,3
604678.0,574577.0,8
271093.0,861412.0,13
840425.0,762290.0,0
861381.0,546835.0,6
366654.0,802105.0,10
230149.0,886583.0,13
592924.0,393730.0,3
321910.0,573825.0,5
803774.0,334756.0,12
588597.0,622592.0,8
357466.0,354094.0,14
314552.0,151035.0,9
397561.0,815245.0,10
289002.0,520678.0,5
889743.0,560547.0,6
848770.0,111076.0,7
415598.0,786499.0,10
886532.0,500026.0,6
801441.0,323812.0,12
839339.0,726322.0,0
823113.0,733720.0,0
829133.0,735488.0,0
517580.0,170329.0,4
370955.0,325071.0,25
325344.0,159885.0,9
111174.0,539350.0,2
833661.0,389733.0,12
821151.0,366545.0,12
493070.0,189771.0,4
830658.0,368694.0,12
420616.0,401526.0,14
413894.0,564459.0,5
143732.0,279724.0,11
340712.0,563178.0,5
483423.0,111797.0,4
817619.0,181929.0,7
68388.0,574380.0,2
335121.0,214149.0,9
148319.0,584541.0,2
605250.0,573272.0,8
339732.0,163158.0,9
630384.0,376295.0,3
384922.0,582877.0,5
611579.0,407670.0,3
635242.0,356290.0,3
556780.0,409205.0,3
820327.0,352701.0,12
558770.0,390646.0,3
157193.0,350343.0,11
284378.0,223470.0,19
312227.0,159417.0,9
856454.0,117143.0,7
794826.0,309589.0,12
848783.0,748980.0,0
860387.0,157731.0,7
236495.0,861569.0,13
862534.0,547936.0,6
431437.0,436764.0,14
637332.0,414017.0,3
356280.0,185198.0,9
409701.0,750741.0,10
337889.0,558031.0,5
827802.0,189078.0,7
553118.0,165472.0,4
346942.0,152780.0,9
153185.0,562792.0,2
608529.0,586311.0,8
357014.0,148222.0,9
593398.0,559764.0,8
139451.0,549580.0,2
104489.0,542515.0,2
321517.0,569562.0,5
420792.0,430901.0,14
225991.0,869734.0,13
181227.0,347052.0,11
861069.0,548327.0,6
366688.0,562413.0,5
144306.0,328086.0,11
883864.0,111281.0,7
177505.0,332053.0,11
247939.0,831010.0,13
333942.0,143344.0,9
852730.0,769968.0,0
257093.0,801567.0,13
600032.0,575310.0,8
635324.0,420555.0,3
906396.0,535803.0,6
260930.0,184935.0,9
650661.0,861267.0,1
626843.0,367696.0,3
174834.0,411644.0,11
682699.0,851115.0,1
341578.0,558672.0,5
389552.0,750700.0,10
652745.0,406585.0,3
671444.0,860206.0,1
569692.0,182365.0,4
344552.0,554676.0,5
813561.0,583156.0,6
793892.0,313943.0,12
687360.0,862438.0,1
102898.0,592834.0,2
405322.0,414743.0,14
358652.0,186358.0,9
809594.0,344872.0,12
801997.0,319385.0,12
509522.0,174376.0,4
369249.0,797068.0,10
240171.0,843940.0,13
270899.0,175377.0,9
321522.0,163852.0,9
858278.0,544519.0,6
478361.0,409520.0,14
814317.0,333112.0,12
405902.0,394724.0,14
304556.0,568584.0,5
234837.0,151054.0,9
361159.0,436327.0,14
430001.0,765803.0,10
192775.0,350028.0,11
281548.0,175184.0,9
814158.0,335578.0,12
803603.0,327255.0,12
403522.0,785432.0,10
126702.0,351222.0,11
300021.0,159185.0,9
256120.0,141529.0,9
334350.0,556417.0,5
866352.0,535933.0,6
924289.0,171369.0,7
801662.0,318423.0,12
112184.0,530469.0,2
142575.0,517378.0,2
137967.0,354539.0,11
637665.0,858741.0,1
353941.0,399967.0,14
350283.0,559840.0,5
803470.0,319069.0,12
482568.0,159010.0,4
327403.0,548875.0,5
613536.0,395801.0,3
219049.0,825171.0,13
782642.0,275308.0,12
292193.0,125417.0,9
839514.0,728923.0,0
836951.0,546244.0,6
240028.0,849354.0,13
158713.0,379013.0,11
148749.0,359845.0,11
424241.0,452915.0,14
313573.0,109221.0,9
64979.0,538104.0,18
567105.0,437623.0,3
784291.0,581417.0,6
147885.0,527813.0,2
848628.0,503773.0,6
244049.0,817710.0,13
139033.0,593287.0,2
619445.0,567491.0,8
376145.0,414107.0,14
611954.0,360938.0,3
241633.0,846949.0,13
774526.0,757135.0,0
159253.0,343477.0,11
141924.0,558399.0,2
144242.0,557674.0,2
401396.0,125431.0,21
112379.0,547679.0,2
645233.0,927201.0,1
140101.0,341028.0,11
779437.0,281959.0,12
282957.0,179982.0,9
821259.0,750089.0,0
875825.0,204959.0,7
347522.0,587567.0,5
632952.0,385722.0,3
156430.0,615117.0,2
197367.0,535989.0,2
79285.0,554817.0,2
505400.0,160422.0,4
198517.0,325721.0,11
832054.0,751330.0,0
496491.0,171534.0,4
314479.0,178821.0,9
337894.0,175289.0,9
245144.0,845719.0,13
372621.0,772258.0,10
850888.0,736810.0,0
297183.0,841456.0,13
169569.0,346955.0,11
522728.0,184704.0,4
821428.0,153468.0,7
869818.0,543227.0,6
397918.0,462032.0,14
347197.0,591316.0,5
821835.0,564313.0,6
124516.0,325289.0,11
247484.0,846372.0,13
797804.0,715342.0,0
360165.0,553303.0,5
847728.0,576707.0,6
881106.0,105566.0,7
618869.0,577243.0,8
322209.0,547247.0,5
407833.0,402474.0,14
908069.0,146564.0,7
509383.0,167302.0,4
244618.0,845420.0,13
617689.0,397001.0,3
511118.0,175212.0,4
156984.0,430950.0,11
535453.0,200970.0,4
355499.0,224982.0,9
175766.0,380534.0,11
380609.0,185976.0,9
476144.0,772131.0,10
804871.0,317801.0,12
507092.0,175151.0,4
448649.0,813885.0,10
280274.0,182662.0,9
516085.0,195504.0,4
491442.0,116195.0,4
547076.0,156969.0,4
604294.0,574368.0,8
589862.0,418742.0,3
399291.0,386712.0,14
903840.0,586229.0,6
656957.0,871011.0,1
780153.0,136449.0,7
871780.0,158486.0,7
220156.0,589643.0,2
227819.0,900986.0,13
299821.0,866288.0,13
432184.0,395118.0,14
878696.0,530134.0,6
385257.0,791581.0,10
345976.0,148333.0,9
511106.0,122518.0,4
915504.0,527751.0,6
